/*
Navicat MySQL Data Transfer

Source Server         : mysql_nonConected
Source Server Version : 50721
Source Host           : 127.0.0.1:3306
Source Database       : bookms

Target Server Type    : MYSQL
Target Server Version : 50721
File Encoding         : 65001

Date: 2018-04-01 16:31:18
*/

SET FOREIGN_KEY_CHECKS=0;

-- ----------------------------
-- Table structure for book_info
-- ----------------------------
DROP TABLE IF EXISTS `book_info`;
CREATE TABLE `book_info` (
  `bookid` int(12) NOT NULL AUTO_INCREMENT,
  `bookname` varchar(50) NOT NULL,
  `type` varchar(10) NOT NULL,
  `isbn` varchar(30) NOT NULL,
  `author` varchar(20) NOT NULL,
  `press` varchar(20) NOT NULL,
  `pubtime` datetime NOT NULL,
  `allquantity` int(10) NOT NULL,
  `aviquantity` int(10) NOT NULL,
  `imgpath` varchar(50) DEFAULT NULL,
  PRIMARY KEY (`bookid`)
) ENGINE=InnoDB AUTO_INCREMENT=22280 DEFAULT CHARSET=utf8;

-- ----------------------------
-- Records of book_info
-- ----------------------------
INSERT INTO `book_info` VALUES ('11111', '数据库', '计算机', '123456', '文凯', '机械工业出版社', '2015-06-09 00:00:00', '4', '4', 'OT20160222100159068.jpg');
INSERT INTO `book_info` VALUES ('22222', '大数据', '计算机', '123123', '大卫', '机械工业出版社', '2018-02-07 00:00:00', '3', '2', 'OT20160222100159134.jpg');
INSERT INTO `book_info` VALUES ('22223', '算法导论（第2版）', '计算机', '21212', '易大义，沈云宝，李有法 编', '清华大学出版社', '2013-08-01 00:00:00', '3', '3', 'OT20160222100159139.jpg');
INSERT INTO `book_info` VALUES ('22224', '代码大全（第2版）', '计算机', '23124234', '李桂成编著', '北京大学出版社', '2003-07-01 00:00:00', '3', '2', 'OT20160222100159155.jpg');
INSERT INTO `book_info` VALUES ('22225', 'C++ Primer中文版（第4版）', '计算机', '234234', '何满喜，曹飞龙', '北京理工大学出版社', '2011-04-01 00:00:00', '3', '3', 'OT20160222100159157.jpg');
INSERT INTO `book_info` VALUES ('22226', '设计模式：可复用面向对象软件的基础', '计算机', '23435456', '钱焕延编著', '科学出版社', '2015-12-01 00:00:00', '3', '3', 'OT20160222100159171.jpg');
INSERT INTO `book_info` VALUES ('22227', '浪潮之巅', '计算机', '57686', '李铭明 ，江开忠 编 ', '电子工业出版社', '2013-08-01 00:00:00', '3', '3', 'OT20160222100159197.jpg');
INSERT INTO `book_info` VALUES ('22228', 'Java编程思想（第4版）', '计算机', '79879', '吴筑筑 主编，于江明 副主编 ', '机械工业出版社', '2018-02-07 00:00:00', '3', '3', 'OT20160222100159334.jpg');
INSERT INTO `book_info` VALUES ('22229', 'Java核心技术 卷1：基础知识', '计算机', '78978', '黄云清 等', '清华大学出版社', '2013-08-01 00:00:00', '3', '3', 'OT20160222100159429.jpg');
INSERT INTO `book_info` VALUES ('22230', 'Java核心技术 卷2：高级特性', '计算机', '9789', '康兆敏，方秀男　编著', '北京大学出版社', '2003-07-01 00:00:00', '3', '3', 'OT20160222100159449.jpg');
INSERT INTO `book_info` VALUES ('22231', '人月神话', '计算机', '345345345', '大卫', '北京理工大学出版社', '2011-04-01 00:00:00', '3', '3', 'OT20160222100159486.jpg');
INSERT INTO `book_info` VALUES ('22232', 'Linux内核编程', '计算机', '34534', '易大义，沈云宝，李有法 编', '科学出版社', '2015-12-01 00:00:00', '3', '3', 'OT20160222100159704.jpg');
INSERT INTO `book_info` VALUES ('22233', 'C程序设计语言（第2版新版）', '计算机', '534547', '李桂成编著', '电子工业出版社', '2013-08-01 00:00:00', '3', '3', 'OT20160222100159983.jpg');
INSERT INTO `book_info` VALUES ('22234', '编程之美：微软技术面试心得', '计算机', '76978', '钱焕延编著', '清华大学出版社', '2013-08-01 00:00:00', '3', '3', 'OT20160417102333653.jpg');
INSERT INTO `book_info` VALUES ('22235', '代码之美', '计算机', '9780', '\r\n李铭明 ，江开忠 编 ', '北京大学出版社', '2003-07-01 00:00:00', '3', '3', 'OT20160417102333278.jpg');
INSERT INTO `book_info` VALUES ('22236', '软件随想录：程序员部落酋长Joel谈软件', '计算机', '978978', '吴筑筑 主编，于江明 副主编 ', '北京理工大学出版社', '2011-04-01 00:00:00', '3', '3', 'OT20160222100159775.jpg');
INSERT INTO `book_info` VALUES ('22237', '架构之美', '计算机', '9-34523', '黄云清 等', '科学出版社', '2015-12-01 00:00:00', '3', '3', 'OT20160222100159068.jpg');
INSERT INTO `book_info` VALUES ('22238', '国外计算机科学经典教材：Unix & Linux大学教程', '计算机', '90-786', '康兆敏，方秀男　编著', '电子工业出版社', '2013-08-01 00:00:00', '3', '3', 'OT20160222100159134.jpg');
INSERT INTO `book_info` VALUES ('22239', '深入理解计算机系统（原书第2版）', '计算机', '31243242', '大卫', '机械工业出版社', '2018-02-07 10:49:09', '3', '3', 'OT20160222100159139.jpg');
INSERT INTO `book_info` VALUES ('22240', 'UNIX网络编程 卷1：套接字联网API', '计算机', '34234', '易大义，沈云宝，李有法 编', '清华大学出版社', '2013-08-01 00:00:00', '3', '3', 'OT20160222100159155.jpg');
INSERT INTO `book_info` VALUES ('22241', 'UNIX网络编程 卷2：进程间通信', '计算机', '57686', '李桂成编著', '北京大学出版社', '2003-07-01 00:00:00', '3', '3', 'OT20160222100159157.jpg');
INSERT INTO `book_info` VALUES ('22242', '黑客与画家：硅谷创业之父Paul Graham文集', '计算机', '657658', '何满喜，曹飞龙', '机械工业出版社', '2018-02-07 10:49:09', '3', '3', 'OT20160222100159986.jpg');
INSERT INTO `book_info` VALUES ('22243', '软件架构的艺术', '计算机', '78978', '钱焕延编著', '科学出版社', '2015-12-01 00:00:00', '3', '3', 'OT20160222100159197.jpg');
INSERT INTO `book_info` VALUES ('22244', 'Effective C++中文版', '计算机', '9789', '\r\n李铭明 ，江开忠 编 ', '电子工业出版社', '2013-08-01 00:00:00', '3', '3', 'OT20160222100159334.jpg');
INSERT INTO `book_info` VALUES ('22245', 'Effective Java中文版（第2版）', '计算机', '345345345', '吴筑筑 主编，于江明 副主编 ', '机械工业出版社', '2018-02-07 10:49:09', '3', '3', 'OT20160222100159429.jpg');
INSERT INTO `book_info` VALUES ('22246', 'PHP经典实例（第2版）', '计算机', '534547', '康兆敏，方秀男　编著', '北京大学出版社', '2003-07-01 00:00:00', '3', '3', 'OT20160222100159486.jpg');
INSERT INTO `book_info` VALUES ('22247', 'C++ 编程思想 第1卷', '计算机', '657658', '大卫', '北京理工大学出版社', '2011-04-01 00:00:00', '3', '3', 'OT20160222100159704.jpg');
INSERT INTO `book_info` VALUES ('22248', 'C++ 编程思想 第2卷   两卷合订本', '计算机', '76978', '易大义，沈云宝，李有法 编', '科学出版社', '2015-12-01 00:00:00', '3', '3', 'OT20160222100159983.jpg');
INSERT INTO `book_info` VALUES ('22249', 'PHP & MySQL Web数据库应用开发指南（第2版）', '计算机', '34534', '黄云清 等', '清华大学出版社', '2013-08-01 00:00:00', '3', '3', 'OT20160222100159449.jpg');
INSERT INTO `book_info` VALUES ('22250', '自动机理论、语言和计算导论', '计算机', '79879', '何满喜，曹飞龙', '北京理工大学出版社', '2011-04-01 00:00:00', '3', '3', 'OT20160222100159171.jpg');
INSERT INTO `book_info` VALUES ('22251', 'Linux内核设计的艺术：图解Linux操作系统架构设计与实现原理', '计算机', '9780', '李桂成编著', '电子工业出版社', '2013-08-01 00:00:00', '3', '3', 'OT20160222100159986.jpg');
INSERT INTO `book_info` VALUES ('22252', 'Python参考手册（第4版）', '计算机', '9-34523', '钱焕延编著', '清华大学出版社', '2013-08-01 00:00:00', '3', '3', 'OT20160222100159068.jpg');
INSERT INTO `book_info` VALUES ('22253', '数据库系统导论（原书第8版）', '计算机', '978978', '何满喜，曹飞龙', '机械工业出版社', '2018-02-07 10:49:09', '3', '3', 'OT20160417102333653.jpg');
INSERT INTO `book_info` VALUES ('22254', '提高C++性能的编程技术', '计算机', '31243242', '吴筑筑 主编，于江明 副主编 ', '北京理工大学出版社', '2011-04-01 00:00:00', '3', '3', 'OT20160222100159139.jpg');
INSERT INTO `book_info` VALUES ('22255', '从网管员到CTO：网络设备配置与管理实战详解', '计算机', '34234', '黄云清 等', '科学出版社', '2015-12-01 00:00:00', '3', '3', 'OT20160222100159155.jpg');
INSERT INTO `book_info` VALUES ('22256', 'Python灰帽子', '计算机', '90-786', '\r\n李铭明 ，江开忠 编 ', '北京大学出版社', '2003-07-01 00:00:00', '3', '3', 'OT20160222100159134.jpg');
INSERT INTO `book_info` VALUES ('22257', '深入理解计算机系统（修订版）', '计算机', '57686', '康兆敏，方秀男　编著', '电子工业出版社', '2013-08-01 00:00:00', '3', '3', 'OT20160222100159157.jpg');
INSERT INTO `book_info` VALUES ('22258', 'UNIX编程艺术', '计算机', '79879', '大卫', '机械工业出版社', '2018-02-07 10:49:09', '3', '3', 'OT20160222100159171.jpg');
INSERT INTO `book_info` VALUES ('22259', 'Microsoft.NET框架程序设计', '计算机', '9789', '李桂成编著', '北京大学出版社', '2003-07-01 00:00:00', '3', '3', 'OT20160222100159334.jpg');
INSERT INTO `book_info` VALUES ('22260', '代码整洁之道', '计算机', '345345345', '何满喜，曹飞龙', '北京理工大学出版社', '2011-04-01 00:00:00', '3', '2', 'OT20160222100159429.jpg');
INSERT INTO `book_info` VALUES ('22261', '编程珠玑（第2版）、编程珠玑（续）', '计算机', '34534', '钱焕延编著', '科学出版社', '2015-12-01 00:00:00', '3', '3', 'OT20160222100159449.jpg');
INSERT INTO `book_info` VALUES ('22262', '大话设计模式', '计算机', '534547', '\r\n李铭明 ，江开忠 编 ', '电子工业出版社', '2013-08-01 00:00:00', '3', '2', 'OT20160222100159486.jpg');
INSERT INTO `book_info` VALUES ('22263', 'C#开发宝典', '计算机', '657658', '吴筑筑 主编，于江明 副主编 ', '机械工业出版社', '2018-02-07 10:49:09', '3', '3', 'OT20160222100159704.jpg');
INSERT INTO `book_info` VALUES ('22264', '深入理解Linux内核（第3版）', '计算机', '76978', '黄云清 等', '清华大学出版社', '2013-08-01 00:00:00', '3', '3', 'OT20160222100159983.jpg');
INSERT INTO `book_info` VALUES ('22265', 'UNIX环境高级编程 （第2版）', '计算机', '9780', '康兆敏，方秀男　编著', '北京大学出版社', '2003-07-01 00:00:00', '3', '3', 'OT20160222100159068.jpg');
INSERT INTO `book_info` VALUES ('22266', 'WCF服务编程：.NET开发者决战SOA的制胜利剑（第3版）', '计算机', '978978', '大卫', '北京理工大学出版社', '2011-04-01 00:00:00', '3', '3', 'OT20160222100159134.jpg');
INSERT INTO `book_info` VALUES ('22267', '现代编译原理:C语言描述 （虎书）', '计算机', '9-34523', '易大义，沈云宝，李有法 编', '科学出版社', '2015-12-01 00:00:00', '3', '3', 'OT20160222100159139.jpg');
INSERT INTO `book_info` VALUES ('22268', '高级编译器设计与实现 （鲸书）', '计算机', '90-786', '李桂成编著', '电子工业出版社', '2013-08-01 00:00:00', '3', '3', 'OT20160222100159155.jpg');
INSERT INTO `book_info` VALUES ('22269', '编译原理（第2版）（龙书）', '计算机', '31243242', '何满喜，曹飞龙', '机械工业出版社', '2018-02-07 10:49:09', '3', '3', 'OT20160222100159157.jpg');
INSERT INTO `book_info` VALUES ('22270', 'Windows核心编程 （第5版）', '计算机', '34234', '钱焕延编著', '清华大学出版社', '2013-08-01 00:00:00', '3', '3', 'OT20160222100159171.jpg');
INSERT INTO `book_info` VALUES ('22271', 'C++标准程序库：自修教程与参考手册', '计算机', '978978', '李铭明 ，江开忠 编 ', '北京大学出版社', '2003-07-01 00:00:00', '3', '2', 'OT20160222100159197.jpg');
INSERT INTO `book_info` VALUES ('22272', '软件框架设计的艺术', '计算机', '90-786', '黄云清 等', '科学出版社', '2015-12-01 00:00:00', '3', '3', 'OT20160222100159429.jpg');
INSERT INTO `book_info` VALUES ('22273', '设计原本：计算机科学巨匠Frederick P.Brooks的思考', '计算机', '9-34523', '吴筑筑 主编，于江明 副主编 ', '北京理工大学出版社', '2011-04-01 00:00:00', '2', '2', 'OT20160222100159334.jpg');
INSERT INTO `book_info` VALUES ('22274', '深入理解Java虚拟机:JVM高级特性与最佳实践', '计算机', '78978', '易大义，沈云宝，李有法 编', '清华大学出版社', '2013-08-01 00:00:00', '3', '3', 'OT20160222100159197.jpg');
INSERT INTO `book_info` VALUES ('22275', '蘑菇大全', '生活', '214342', '哈哈', '被打出版色', '2018-04-03 00:00:00', '3', '3', '1.jpg');
INSERT INTO `book_info` VALUES ('22276', 'Java编程思想', 'IT', '2436274368', 'ethids', '机械工业出版社', '2015-04-01 00:00:00', '2', '2', 'java.jpg');
INSERT INTO `book_info` VALUES ('22277', 'Java核心技术（卷一）', '计算机', '1231231', 'thsd', '机械工业出版社', '2018-04-03 00:00:00', '2', '2', 'javahx.jpg');
INSERT INTO `book_info` VALUES ('22279', 'mogu', '123', '123', '123', '123', '2018-04-11 00:00:00', '4', '4', '1.jpg');

-- ----------------------------
-- Table structure for borrow_info
-- ----------------------------
DROP TABLE IF EXISTS `borrow_info`;
CREATE TABLE `borrow_info` (
  `id` int(20) NOT NULL AUTO_INCREMENT,
  `userid` varchar(10) NOT NULL,
  `bookid` int(12) NOT NULL,
  `bortime` datetime NOT NULL,
  `rettime` datetime NOT NULL,
  `reltime` datetime DEFAULT NULL,
  `overfine` float(6,0) DEFAULT NULL,
  PRIMARY KEY (`id`,`bookid`,`userid`),
  KEY `useridfk` (`userid`),
  CONSTRAINT `useridfk` FOREIGN KEY (`userid`) REFERENCES `user_info` (`id`) ON DELETE CASCADE ON UPDATE CASCADE
) ENGINE=InnoDB AUTO_INCREMENT=665 DEFAULT CHARSET=utf8;

-- ----------------------------
-- Records of borrow_info
-- ----------------------------
INSERT INTO `borrow_info` VALUES ('111', '3141906201', '11111', '2018-03-31 10:51:01', '2018-03-31 10:51:06', '2018-03-28 09:51:12', '0');
INSERT INTO `borrow_info` VALUES ('112', '3151906101', '22225', '2017-03-25 15:13:19', '2018-06-25 15:13:40', '2018-03-29 15:14:02', '0');
INSERT INTO `borrow_info` VALUES ('113', '3151906102', '22226', '2017-03-25 15:13:19', '2018-06-25 15:13:40', '2018-03-29 15:14:02', '0');
INSERT INTO `borrow_info` VALUES ('114', '3151906103', '22227', '2017-03-25 15:13:19', '2018-06-25 15:13:40', '2018-03-29 15:14:02', '0');
INSERT INTO `borrow_info` VALUES ('115', '3151906104', '22228', '2017-03-25 15:13:19', '2018-06-25 15:13:40', '2018-03-29 15:14:02', '0');
INSERT INTO `borrow_info` VALUES ('116', '3151906106', '22229', '2017-03-25 15:13:19', '2018-06-25 15:13:40', '2018-03-29 15:14:02', '0');
INSERT INTO `borrow_info` VALUES ('117', '3151906107', '22230', '2017-03-25 15:13:19', '2018-06-25 15:13:40', '2018-03-29 15:14:02', '0');
INSERT INTO `borrow_info` VALUES ('118', '3151906108', '22231', '2017-03-25 15:13:19', '2018-06-25 15:13:40', '2018-03-29 15:14:02', '0');
INSERT INTO `borrow_info` VALUES ('119', '3151906109', '22232', '2017-03-25 15:13:19', '2018-06-25 15:13:40', '2018-03-29 15:14:02', '0');
INSERT INTO `borrow_info` VALUES ('120', '3151906110', '22233', '2017-03-25 15:13:19', '2018-06-25 15:13:40', '2018-03-29 15:14:02', '0');
INSERT INTO `borrow_info` VALUES ('121', '3151906111', '22234', '2017-03-25 15:13:19', '2018-06-25 15:13:40', '2018-03-29 15:14:02', '0');
INSERT INTO `borrow_info` VALUES ('122', '3151906112', '22235', '2017-03-25 15:13:19', '2018-06-25 15:13:40', '2018-03-29 15:14:02', '0');
INSERT INTO `borrow_info` VALUES ('123', '3151906113', '22236', '2017-03-25 15:13:19', '2018-06-25 15:13:40', '2018-03-29 15:14:02', '0');
INSERT INTO `borrow_info` VALUES ('124', '3141906207', '11111', '2017-03-25 15:13:19', '2018-06-25 15:13:40', '2018-03-29 15:14:02', '0');
INSERT INTO `borrow_info` VALUES ('125', '3141906214', '22222', '2017-03-25 15:13:19', '2018-06-25 15:13:40', '2018-03-29 15:14:02', '0');
INSERT INTO `borrow_info` VALUES ('126', '3150907110', '22223', '2017-03-25 15:13:19', '2018-06-25 15:13:40', '2018-03-29 15:14:02', '0');
INSERT INTO `borrow_info` VALUES ('127', '3151802123', '22224', '2017-03-25 15:13:19', '2018-06-25 15:13:40', '2018-03-29 15:14:02', '0');
INSERT INTO `borrow_info` VALUES ('128', '3151906103', '22254', '2017-03-02 15:24:15', '2018-04-21 15:29:57', '2018-03-25 15:27:48', '0');
INSERT INTO `borrow_info` VALUES ('129', '3151906104', '22255', '2017-02-08 15:24:38', '2018-05-17 15:29:34', '2018-03-23 15:27:52', '0');
INSERT INTO `borrow_info` VALUES ('130', '3151906106', '22256', '2017-02-25 15:24:57', '2018-05-24 15:29:43', '2018-03-22 15:27:56', '0');
INSERT INTO `borrow_info` VALUES ('131', '3151906107', '22257', '2017-06-08 15:25:42', '2018-04-13 15:29:49', '2018-03-22 15:28:00', '0');
INSERT INTO `borrow_info` VALUES ('132', '3151906108', '22258', '2017-03-25 15:25:55', '2018-04-21 15:29:57', '2018-03-14 15:28:04', '0');
INSERT INTO `borrow_info` VALUES ('133', '3151906109', '22259', '2017-02-01 15:26:11', '2018-05-17 15:29:34', '2018-03-31 15:28:25', '0');
INSERT INTO `borrow_info` VALUES ('134', '3151906110', '22260', '2017-03-25 15:26:21', '2018-05-24 15:29:43', '2018-03-17 15:28:30', '0');
INSERT INTO `borrow_info` VALUES ('135', '3151906111', '22261', '2017-03-02 15:24:15', '2018-04-13 15:29:49', '2018-03-25 15:27:48', '0');
INSERT INTO `borrow_info` VALUES ('136', '3151906112', '22262', '2017-02-08 15:24:38', '2018-05-17 15:29:34', '2018-03-23 15:27:52', '0');
INSERT INTO `borrow_info` VALUES ('137', '3151906113', '22263', '2017-02-25 15:24:57', '2018-05-24 15:29:43', '2018-03-22 15:27:56', '0');
INSERT INTO `borrow_info` VALUES ('138', '3151906114', '22247', '2017-06-08 15:25:42', '2018-04-13 15:29:49', '2018-03-22 15:28:00', '0');
INSERT INTO `borrow_info` VALUES ('139', '3151906115', '22248', '2017-03-25 15:25:55', '2018-04-21 15:29:57', '2018-03-14 15:28:04', '0');
INSERT INTO `borrow_info` VALUES ('140', '3151906116', '22249', '2017-02-01 15:26:11', '2018-05-17 15:29:34', '2018-03-31 15:28:25', '0');
INSERT INTO `borrow_info` VALUES ('141', '3151906117', '22250', '2017-03-25 15:26:21', '2018-05-24 15:29:43', '2018-03-17 15:28:30', '0');
INSERT INTO `borrow_info` VALUES ('142', '3151906118', '22251', '2017-03-02 15:24:15', '2018-05-17 15:29:34', '2018-03-25 15:27:48', '0');
INSERT INTO `borrow_info` VALUES ('143', '3151906119', '22252', '2017-02-08 15:24:38', '2018-05-24 15:29:43', '2018-03-23 15:27:52', '0');
INSERT INTO `borrow_info` VALUES ('144', '3151906120', '22253', '2017-02-25 15:24:57', '2018-04-13 15:29:49', '2018-03-22 15:27:56', '0');
INSERT INTO `borrow_info` VALUES ('145', '3151906121', '22254', '2017-06-08 15:25:42', '2018-04-21 15:29:57', '2018-03-22 15:28:00', '0');
INSERT INTO `borrow_info` VALUES ('146', '3151906122', '22255', '2017-03-25 15:25:55', '2018-05-17 15:29:34', '2018-03-14 15:28:04', '0');
INSERT INTO `borrow_info` VALUES ('147', '3151906123', '22256', '2017-02-01 15:26:11', '2018-05-24 15:29:43', '2018-03-31 15:28:25', '0');
INSERT INTO `borrow_info` VALUES ('148', '3151906125', '22257', '2017-03-25 15:26:21', '2018-04-13 15:29:49', '2018-03-17 15:28:30', '0');
INSERT INTO `borrow_info` VALUES ('149', '3151906128', '22258', '2017-03-02 15:24:15', '2018-05-17 15:29:34', '2018-03-25 15:27:48', '0');
INSERT INTO `borrow_info` VALUES ('150', '3151906129', '22259', '2017-02-08 15:24:38', '2018-05-24 15:29:43', '2018-03-23 15:27:52', '0');
INSERT INTO `borrow_info` VALUES ('151', '3151906130', '22260', '2017-02-25 15:24:57', '2018-04-13 15:29:49', '2018-03-22 15:27:56', '0');
INSERT INTO `borrow_info` VALUES ('152', '3151906131', '22247', '2017-06-08 15:25:42', '2018-04-21 15:29:57', '2018-03-22 15:28:00', '0');
INSERT INTO `borrow_info` VALUES ('153', '3151906201', '22248', '2017-03-25 15:25:55', '2018-05-17 15:29:34', '2018-03-14 15:28:04', '0');
INSERT INTO `borrow_info` VALUES ('154', '3151906202', '22249', '2017-02-01 15:26:11', '2018-05-24 15:29:43', '2018-03-31 15:28:25', '0');
INSERT INTO `borrow_info` VALUES ('155', '3151906203', '22250', '2017-03-25 15:26:21', '2018-04-13 15:29:49', '2018-03-17 15:28:30', '0');
INSERT INTO `borrow_info` VALUES ('156', '3151906204', '22251', '2017-03-02 15:24:15', '2018-05-17 15:29:34', '2018-03-25 15:27:48', '0');
INSERT INTO `borrow_info` VALUES ('157', '3151906205', '22252', '2017-02-08 15:24:38', '2018-05-24 15:29:43', '2018-03-23 15:27:52', '0');
INSERT INTO `borrow_info` VALUES ('158', '3151906206', '22253', '2017-02-25 15:24:57', '2018-04-13 15:29:49', '2018-03-22 15:27:56', '0');
INSERT INTO `borrow_info` VALUES ('159', '3151906207', '22254', '2017-06-08 15:25:42', '2018-04-21 15:29:57', '2018-03-22 15:28:00', '0');
INSERT INTO `borrow_info` VALUES ('160', '3151906208', '22255', '2017-03-25 15:25:55', '2018-05-17 15:29:34', '2018-03-14 15:28:04', '0');
INSERT INTO `borrow_info` VALUES ('161', '3151906209', '22256', '2017-02-01 15:26:11', '2018-05-24 15:29:43', '2018-03-31 15:28:25', '0');
INSERT INTO `borrow_info` VALUES ('162', '3151906210', '22257', '2017-03-25 15:26:21', '2018-04-13 15:29:49', '2018-03-17 15:28:30', '0');
INSERT INTO `borrow_info` VALUES ('163', '3151906211', '22264', '2017-03-02 15:24:15', '2018-05-17 15:29:34', '2018-03-25 15:27:48', '0');
INSERT INTO `borrow_info` VALUES ('164', '3151906212', '22265', '2017-02-08 15:24:38', '2018-05-24 15:29:43', '2018-03-23 15:27:52', '0');
INSERT INTO `borrow_info` VALUES ('165', '3151906213', '22266', '2017-02-25 15:24:57', '2018-04-13 15:29:49', '2018-03-22 15:27:56', '0');
INSERT INTO `borrow_info` VALUES ('166', '3151906214', '22267', '2017-06-08 15:25:42', '2018-04-21 15:29:57', '2018-03-22 15:28:00', '0');
INSERT INTO `borrow_info` VALUES ('167', '3151906215', '22268', '2017-03-25 15:25:55', '2018-05-17 15:29:34', '2018-03-14 15:28:04', '0');
INSERT INTO `borrow_info` VALUES ('168', '3151906216', '22269', '2017-02-01 15:26:11', '2018-05-24 15:29:43', '2018-03-31 15:28:25', '0');
INSERT INTO `borrow_info` VALUES ('169', '3151906217', '22270', '2017-03-25 15:26:21', '2018-05-17 15:29:34', '2018-03-17 15:28:30', '0');
INSERT INTO `borrow_info` VALUES ('170', '3151906218', '22271', '2017-03-02 15:24:15', '2018-05-24 15:29:43', '2018-03-25 15:27:48', '0');
INSERT INTO `borrow_info` VALUES ('171', '3151906219', '22272', '2017-02-08 15:24:38', '2018-04-13 15:29:49', '2018-03-23 15:27:52', '0');
INSERT INTO `borrow_info` VALUES ('172', '3151906222', '22273', '2017-02-25 15:24:57', '2018-04-21 15:29:57', '2018-03-22 15:27:56', '0');
INSERT INTO `borrow_info` VALUES ('173', '3151906223', '22264', '2017-06-08 15:25:42', '2018-05-17 15:29:34', '2018-03-22 15:28:00', '0');
INSERT INTO `borrow_info` VALUES ('174', '3151906224', '22265', '2017-03-25 15:25:55', '2018-05-24 15:29:43', '2018-03-14 15:28:04', '0');
INSERT INTO `borrow_info` VALUES ('175', '3151906225', '22266', '2017-02-01 15:26:11', '2018-05-17 15:29:34', '2018-03-31 15:28:25', '0');
INSERT INTO `borrow_info` VALUES ('176', '3151906226', '22267', '2017-03-25 15:26:21', '2018-05-24 15:29:43', '2018-03-25 15:27:48', '0');
INSERT INTO `borrow_info` VALUES ('177', '3151906227', '22268', '2017-03-02 15:24:15', '2018-04-13 15:29:49', '2018-03-23 15:27:52', '0');
INSERT INTO `borrow_info` VALUES ('178', '3151906228', '22269', '2017-02-08 15:24:38', '2018-04-21 15:29:57', '2018-03-22 15:27:56', '0');
INSERT INTO `borrow_info` VALUES ('179', '3151906229', '22270', '2017-02-25 15:24:57', '2018-05-17 15:29:34', '2018-03-22 15:28:00', '0');
INSERT INTO `borrow_info` VALUES ('180', '3151906230', '22271', '2017-06-08 15:25:42', '2018-05-24 15:29:43', '2018-03-14 15:28:04', '0');
INSERT INTO `borrow_info` VALUES ('181', '3151906231', '22272', '2017-03-25 15:25:55', '2018-04-13 15:29:49', '2018-03-31 15:28:25', '0');
INSERT INTO `borrow_info` VALUES ('182', '3141906201', '22247', '2017-03-02 15:24:15', '2018-05-17 15:29:34', '2018-03-25 15:27:48', '0');
INSERT INTO `borrow_info` VALUES ('183', '3141906207', '22248', '2017-02-08 15:24:38', '2018-05-24 15:29:43', '2018-03-23 15:27:52', '0');
INSERT INTO `borrow_info` VALUES ('184', '3141906214', '22249', '2017-02-25 15:24:57', '2018-04-13 15:29:49', '2018-03-22 15:27:56', '0');
INSERT INTO `borrow_info` VALUES ('185', '3151906101', '22252', '2017-02-01 15:26:11', '2018-05-24 15:29:43', '2018-03-31 15:28:25', '0');
INSERT INTO `borrow_info` VALUES ('186', '3151906102', '22253', '2017-03-25 15:26:21', '2018-04-13 15:29:49', '2018-03-17 15:28:30', '0');
INSERT INTO `borrow_info` VALUES ('187', '3150907110', '22250', '2017-06-08 15:25:42', '2018-04-21 15:29:57', '2018-03-22 15:28:00', '0');
INSERT INTO `borrow_info` VALUES ('188', '3151802123', '22251', '2017-03-25 15:25:55', '2018-05-17 15:29:34', '2018-03-14 15:28:04', '0');
INSERT INTO `borrow_info` VALUES ('189', '3141906201', '11111', '2016-02-25 15:36:29', '2017-03-25 15:38:29', '2017-01-25 15:41:18', '0');
INSERT INTO `borrow_info` VALUES ('190', '3141906207', '22222', '2016-03-25 15:36:39', '2017-06-25 15:38:42', '2017-01-26 15:41:32', '0');
INSERT INTO `borrow_info` VALUES ('191', '3141906214', '22223', '2016-06-01 15:36:49', '2017-06-25 15:38:51', '2017-01-11 15:41:41', '0');
INSERT INTO `borrow_info` VALUES ('192', '3150907110', '22224', '2016-07-06 15:37:02', '2017-06-25 15:39:00', '2017-01-25 15:41:18', '0');
INSERT INTO `borrow_info` VALUES ('193', '3151802123', '22225', '2016-10-25 15:37:15', '2017-03-25 15:38:29', '2017-01-26 15:41:32', '0');
INSERT INTO `borrow_info` VALUES ('194', '3151906101', '22226', '2016-02-25 15:36:29', '2017-06-25 15:38:42', '2017-01-11 15:41:41', '0');
INSERT INTO `borrow_info` VALUES ('195', '3151906102', '22227', '2016-03-25 15:36:39', '2017-06-25 15:38:51', '2017-01-25 15:41:18', '0');
INSERT INTO `borrow_info` VALUES ('196', '3151906103', '22228', '2016-06-01 15:36:49', '2017-06-25 15:39:00', '2017-01-26 15:41:32', '0');
INSERT INTO `borrow_info` VALUES ('197', '3151906104', '22229', '2016-07-06 15:37:02', '2017-03-25 15:38:29', '2017-01-11 15:41:41', '0');
INSERT INTO `borrow_info` VALUES ('198', '3151906106', '22230', '2016-10-25 15:37:15', '2017-06-25 15:38:42', '2017-01-25 15:41:18', '0');
INSERT INTO `borrow_info` VALUES ('199', '3151906107', '22231', '2016-02-25 15:36:29', '2017-06-25 15:38:51', '2017-01-26 15:41:32', '0');
INSERT INTO `borrow_info` VALUES ('200', '3151906108', '22232', '2016-03-25 15:36:39', '2017-06-25 15:39:00', '2017-01-11 15:41:41', '0');
INSERT INTO `borrow_info` VALUES ('201', '3151906109', '22233', '2016-06-01 15:36:49', '2017-03-25 15:38:29', '2017-01-25 15:41:18', '0');
INSERT INTO `borrow_info` VALUES ('202', '3151906110', '22234', '2016-07-06 15:37:02', '2017-06-25 15:38:42', '2017-01-26 15:41:32', '0');
INSERT INTO `borrow_info` VALUES ('203', '3151906111', '22235', '2016-10-25 15:37:15', '2017-06-25 15:38:51', '2017-01-11 15:41:41', '0');
INSERT INTO `borrow_info` VALUES ('204', '3151906112', '22236', '2016-02-25 15:36:29', '2017-06-25 15:39:00', '2017-01-25 15:41:18', '0');
INSERT INTO `borrow_info` VALUES ('205', '3151906113', '22237', '2016-03-25 15:36:39', '2017-03-25 15:38:29', '2017-01-26 15:41:32', '0');
INSERT INTO `borrow_info` VALUES ('206', '3141906201', '22238', '2016-06-01 15:36:49', '2017-06-25 15:38:42', '2017-01-11 15:41:41', '0');
INSERT INTO `borrow_info` VALUES ('207', '3141906207', '22239', '2016-07-06 15:37:02', '2017-06-25 15:38:51', '2017-01-25 15:41:18', '0');
INSERT INTO `borrow_info` VALUES ('208', '3141906214', '22240', '2016-10-25 15:37:15', '2017-06-25 15:39:00', '2017-01-26 15:41:32', '0');
INSERT INTO `borrow_info` VALUES ('209', '3150907110', '22241', '2016-02-25 15:36:29', '2017-03-25 15:38:29', '2017-01-11 15:41:41', '0');
INSERT INTO `borrow_info` VALUES ('210', '3151802123', '22242', '2016-03-25 15:36:39', '2017-06-25 15:38:42', '2017-01-25 15:41:18', '0');
INSERT INTO `borrow_info` VALUES ('211', '3151906101', '22243', '2016-06-01 15:36:49', '2017-06-25 15:38:51', '2017-01-26 15:41:32', '0');
INSERT INTO `borrow_info` VALUES ('212', '3151906102', '22244', '2016-07-06 15:37:02', '2017-06-25 15:39:00', '2017-01-11 15:41:41', '0');
INSERT INTO `borrow_info` VALUES ('213', '3151906103', '22245', '2016-10-25 15:37:15', '2017-03-25 15:38:29', '2017-01-25 15:41:18', '0');
INSERT INTO `borrow_info` VALUES ('214', '3151906104', '22246', '2016-02-25 15:36:29', '2017-06-25 15:38:42', '2017-01-26 15:41:32', '0');
INSERT INTO `borrow_info` VALUES ('215', '3151906106', '22247', '2016-03-25 15:36:39', '2017-06-25 15:38:51', '2017-01-11 15:41:41', '0');
INSERT INTO `borrow_info` VALUES ('216', '3151906107', '22248', '2016-06-01 15:36:49', '2017-06-25 15:39:00', '2017-01-25 15:41:18', '0');
INSERT INTO `borrow_info` VALUES ('217', '3151906108', '22249', '2016-07-06 15:37:02', '2017-03-25 15:38:29', '2017-01-26 15:41:32', '0');
INSERT INTO `borrow_info` VALUES ('218', '3151906109', '22250', '2016-10-25 15:37:15', '2017-06-25 15:38:42', '2017-01-11 15:41:41', '0');
INSERT INTO `borrow_info` VALUES ('219', '3151906110', '22251', '2016-02-25 15:36:29', '2017-06-25 15:38:51', '2017-01-25 15:41:18', '0');
INSERT INTO `borrow_info` VALUES ('220', '3151906111', '22252', '2016-03-25 15:36:39', '2017-03-25 15:38:29', '2017-01-26 15:41:32', '0');
INSERT INTO `borrow_info` VALUES ('221', '3151906112', '11111', '2016-06-01 15:36:49', '2017-06-25 15:38:42', '2017-01-11 15:41:41', '0');
INSERT INTO `borrow_info` VALUES ('222', '3151906113', '22222', '2016-07-06 15:37:02', '2017-06-25 15:38:51', '2017-01-25 15:41:18', '0');
INSERT INTO `borrow_info` VALUES ('223', '3151906114', '22223', '2016-10-25 15:37:15', '2017-06-25 15:39:00', '2017-01-26 15:41:32', '0');
INSERT INTO `borrow_info` VALUES ('224', '3151906115', '22224', '2016-02-25 15:36:29', '2017-03-25 15:38:29', '2017-01-11 15:41:41', '0');
INSERT INTO `borrow_info` VALUES ('225', '3151906116', '22225', '2016-03-25 15:36:39', '2017-06-25 15:38:42', '2017-01-25 15:41:18', '0');
INSERT INTO `borrow_info` VALUES ('226', '3151906117', '22226', '2016-06-01 15:36:49', '2017-06-25 15:38:51', '2017-01-26 15:41:32', '0');
INSERT INTO `borrow_info` VALUES ('227', '3151906118', '22227', '2016-07-06 15:37:02', '2017-03-25 15:38:29', '2017-01-11 15:41:41', '0');
INSERT INTO `borrow_info` VALUES ('228', '3151906119', '22228', '2016-10-25 15:37:15', '2017-06-25 15:38:42', '2017-01-25 15:41:18', '0');
INSERT INTO `borrow_info` VALUES ('229', '3151906120', '22229', '2016-02-25 15:36:29', '2017-06-25 15:38:51', '2017-01-26 15:41:32', '0');
INSERT INTO `borrow_info` VALUES ('230', '3151906121', '22230', '2016-03-25 15:36:39', '2017-06-25 15:39:00', '2017-01-11 15:41:41', '0');
INSERT INTO `borrow_info` VALUES ('231', '3151906122', '22231', '2016-06-01 15:36:49', '2017-03-25 15:38:29', '2017-01-25 15:41:18', '0');
INSERT INTO `borrow_info` VALUES ('232', '3151906123', '22232', '2016-07-06 15:37:02', '2017-06-25 15:38:42', '2017-01-26 15:41:32', '0');
INSERT INTO `borrow_info` VALUES ('233', '3151906125', '22233', '2016-10-25 15:37:15', '2017-06-25 15:38:51', '2017-01-11 15:41:41', '0');
INSERT INTO `borrow_info` VALUES ('234', '3151906128', '22234', '2016-02-25 15:36:29', '2017-06-25 15:39:00', '2017-01-25 15:41:18', '0');
INSERT INTO `borrow_info` VALUES ('235', '3151906129', '22235', '2016-03-25 15:36:39', '2017-03-25 15:38:29', '2017-01-26 15:41:32', '0');
INSERT INTO `borrow_info` VALUES ('236', '3151906130', '22236', '2016-06-01 15:36:49', '2017-06-25 15:38:42', '2017-01-11 15:41:41', '0');
INSERT INTO `borrow_info` VALUES ('237', '3151906131', '22237', '2016-07-06 15:37:02', '2017-06-25 15:38:51', '2017-01-25 15:41:18', '0');
INSERT INTO `borrow_info` VALUES ('238', '3151906201', '22238', '2016-10-25 15:37:15', '2017-06-25 15:39:00', '2017-01-26 15:41:32', '0');
INSERT INTO `borrow_info` VALUES ('239', '3151906202', '22239', '2016-02-25 15:36:29', '2017-03-25 15:38:29', '2017-01-11 15:41:41', '0');
INSERT INTO `borrow_info` VALUES ('240', '3151906203', '22240', '2016-03-25 15:36:39', '2017-06-25 15:38:42', '2017-01-25 15:41:18', '0');
INSERT INTO `borrow_info` VALUES ('241', '3151906204', '22241', '2016-06-01 15:36:49', '2017-06-25 15:38:51', '2017-01-26 15:41:32', '0');
INSERT INTO `borrow_info` VALUES ('242', '3151906205', '22242', '2016-07-06 15:37:02', '2017-06-25 15:39:00', '2017-01-11 15:41:41', '0');
INSERT INTO `borrow_info` VALUES ('243', '3151906206', '22243', '2016-10-25 15:37:15', '2017-03-25 15:38:29', '2017-01-25 15:41:18', '0');
INSERT INTO `borrow_info` VALUES ('244', '3151906207', '22244', '2016-02-25 15:36:29', '2017-06-25 15:38:42', '2017-01-26 15:41:32', '0');
INSERT INTO `borrow_info` VALUES ('245', '3151906208', '22245', '2016-03-25 15:36:39', '2017-06-25 15:38:51', '2017-01-11 15:41:41', '0');
INSERT INTO `borrow_info` VALUES ('246', '3151906209', '22246', '2016-06-01 15:36:49', '2017-06-25 15:39:00', '2017-01-25 15:41:18', '0');
INSERT INTO `borrow_info` VALUES ('247', '3151906210', '22247', '2016-07-06 15:37:02', '2017-03-25 15:38:29', '2017-01-26 15:41:32', '0');
INSERT INTO `borrow_info` VALUES ('248', '3151906211', '22248', '2016-10-25 15:37:15', '2017-06-25 15:38:42', '2017-01-11 15:41:41', '0');
INSERT INTO `borrow_info` VALUES ('249', '3151906212', '22249', '2016-02-25 15:36:29', '2017-06-25 15:38:51', '2017-01-25 15:41:18', '0');
INSERT INTO `borrow_info` VALUES ('250', '3151906213', '22250', '2016-03-25 15:36:39', '2017-06-25 15:39:00', '2017-01-26 15:41:32', '0');
INSERT INTO `borrow_info` VALUES ('251', '3151906214', '22251', '2016-06-01 15:36:49', '2017-03-25 15:38:29', '2017-01-11 15:41:41', '0');
INSERT INTO `borrow_info` VALUES ('252', '3151906215', '22252', '2016-07-06 15:37:02', '2017-06-25 15:38:42', '2017-01-25 15:41:18', '0');
INSERT INTO `borrow_info` VALUES ('253', '3151906216', '22253', '2016-10-25 15:37:15', '2017-06-25 15:38:51', '2017-01-26 15:41:32', '0');
INSERT INTO `borrow_info` VALUES ('254', '3151906217', '22254', '2016-02-25 15:36:29', '2017-06-25 15:39:00', '2017-01-11 15:41:41', '0');
INSERT INTO `borrow_info` VALUES ('255', '3151906218', '22255', '2016-03-25 15:36:39', '2017-03-25 15:38:29', '2017-01-25 15:41:18', '0');
INSERT INTO `borrow_info` VALUES ('256', '3151906219', '22256', '2016-06-01 15:36:49', '2017-06-25 15:38:42', '2017-01-26 15:41:32', '0');
INSERT INTO `borrow_info` VALUES ('257', '3151906222', '22257', '2016-07-06 15:37:02', '2017-06-25 15:38:51', '2017-01-11 15:41:41', '0');
INSERT INTO `borrow_info` VALUES ('258', '3151906223', '22258', '2016-10-25 15:37:15', '2017-06-25 15:39:00', '2017-01-25 15:41:18', '0');
INSERT INTO `borrow_info` VALUES ('259', '3151906224', '22259', '2016-02-25 15:36:29', '2017-03-25 15:38:29', '2017-01-26 15:41:32', '0');
INSERT INTO `borrow_info` VALUES ('260', '3151906225', '22260', '2016-03-25 15:36:39', '2017-06-25 15:38:42', '2017-01-11 15:41:41', '0');
INSERT INTO `borrow_info` VALUES ('261', '3151906226', '22261', '2016-06-01 15:36:49', '2017-06-25 15:38:51', '2017-01-25 15:41:18', '0');
INSERT INTO `borrow_info` VALUES ('262', '3151906227', '22262', '2016-07-06 15:37:02', '2017-06-25 15:39:00', '2017-01-26 15:41:32', '0');
INSERT INTO `borrow_info` VALUES ('263', '3151906228', '22263', '2016-10-25 15:37:15', '2017-03-25 15:38:29', '2017-01-11 15:41:41', '0');
INSERT INTO `borrow_info` VALUES ('264', '3151906229', '22264', '2016-02-25 15:36:29', '2017-06-25 15:38:42', '2017-01-25 15:41:18', '0');
INSERT INTO `borrow_info` VALUES ('265', '3151906230', '22265', '2016-03-25 15:36:39', '2017-06-25 15:38:51', '2017-01-26 15:41:32', '0');
INSERT INTO `borrow_info` VALUES ('266', '3151906231', '22266', '2016-06-01 15:36:49', '2017-06-25 15:39:00', '2017-01-11 15:41:41', '0');
INSERT INTO `borrow_info` VALUES ('267', '3141906201', '11111', '2017-01-01 15:49:15', '2017-11-25 15:52:27', '2017-07-25 15:55:49', '0');
INSERT INTO `borrow_info` VALUES ('268', '3141906201', '22222', '2017-03-25 15:49:34', '2017-11-25 15:52:44', '2017-08-25 15:56:01', '0');
INSERT INTO `borrow_info` VALUES ('269', '3141906201', '22223', '2017-03-25 15:49:40', '2017-12-25 15:52:52', '2017-09-25 15:56:11', '0');
INSERT INTO `borrow_info` VALUES ('270', '3141906201', '22224', '2017-02-25 15:49:46', '2017-11-25 15:52:27', '2017-07-25 15:55:49', '0');
INSERT INTO `borrow_info` VALUES ('271', '3141906201', '22225', '2017-02-14 15:49:53', '2017-11-25 15:52:44', '2017-08-25 15:56:01', '0');
INSERT INTO `borrow_info` VALUES ('272', '3141906201', '22226', '2017-01-01 15:49:15', '2017-12-25 15:52:52', '2017-09-25 15:56:11', '0');
INSERT INTO `borrow_info` VALUES ('273', '3141906201', '22227', '2017-03-25 15:49:34', '2017-11-25 15:52:27', '2017-07-25 15:55:49', '0');
INSERT INTO `borrow_info` VALUES ('274', '3141906201', '22228', '2017-03-25 15:49:40', '2017-11-25 15:52:44', '2017-08-25 15:56:01', '0');
INSERT INTO `borrow_info` VALUES ('275', '3141906207', '22229', '2017-02-25 15:49:46', '2017-12-25 15:52:52', '2017-09-25 15:56:11', '0');
INSERT INTO `borrow_info` VALUES ('276', '3141906214', '22230', '2017-02-14 15:49:53', '2017-11-25 15:52:27', '2017-07-25 15:55:49', '0');
INSERT INTO `borrow_info` VALUES ('277', '3150907110', '22231', '2017-01-01 15:49:15', '2017-11-25 15:52:44', '2017-08-25 15:56:01', '0');
INSERT INTO `borrow_info` VALUES ('278', '3151802123', '22232', '2017-03-25 15:49:34', '2017-12-25 15:52:52', '2017-09-25 15:56:11', '0');
INSERT INTO `borrow_info` VALUES ('279', '3151906101', '22233', '2017-03-25 15:49:40', '2017-11-25 15:52:27', '2017-07-25 15:55:49', '0');
INSERT INTO `borrow_info` VALUES ('280', '3151906102', '22234', '2017-02-25 15:49:46', '2017-11-25 15:52:44', '2017-08-25 15:56:01', '0');
INSERT INTO `borrow_info` VALUES ('281', '3151906103', '22235', '2017-02-14 15:49:53', '2017-12-25 15:52:52', '2017-09-25 15:56:11', '0');
INSERT INTO `borrow_info` VALUES ('282', '3151906104', '22236', '2017-01-01 15:49:15', '2017-11-25 15:52:27', '2017-07-25 15:55:49', '0');
INSERT INTO `borrow_info` VALUES ('283', '3151906106', '22237', '2017-03-25 15:49:34', '2017-11-25 15:52:44', '2017-08-25 15:56:01', '0');
INSERT INTO `borrow_info` VALUES ('284', '3151906107', '22238', '2017-03-25 15:49:40', '2017-12-25 15:52:52', '2017-09-25 15:56:11', '0');
INSERT INTO `borrow_info` VALUES ('285', '3151906108', '22239', '2017-02-25 15:49:46', '2017-11-25 15:52:27', '2017-07-25 15:55:49', '0');
INSERT INTO `borrow_info` VALUES ('286', '3151906109', '22240', '2017-02-14 15:49:53', '2017-11-25 15:52:44', '2017-08-25 15:56:01', '0');
INSERT INTO `borrow_info` VALUES ('287', '3151906110', '22241', '2017-01-01 15:49:15', '2017-12-25 15:52:52', '2017-09-25 15:56:11', '0');
INSERT INTO `borrow_info` VALUES ('288', '3151906111', '22242', '2017-03-25 15:49:34', '2017-11-25 15:52:27', '2017-07-25 15:55:49', '0');
INSERT INTO `borrow_info` VALUES ('289', '3151906112', '22243', '2017-03-25 15:49:40', '2017-11-25 15:52:44', '2017-08-25 15:56:01', '0');
INSERT INTO `borrow_info` VALUES ('290', '3151906113', '22244', '2017-02-25 15:49:46', '2017-12-25 15:52:52', '2017-09-25 15:56:11', '0');
INSERT INTO `borrow_info` VALUES ('291', '3151906114', '22245', '2017-02-14 15:49:53', '2017-11-25 15:52:27', '2017-07-25 15:55:49', '0');
INSERT INTO `borrow_info` VALUES ('292', '3151906115', '22246', '2017-01-01 15:49:15', '2017-11-25 15:52:44', '2017-08-25 15:56:01', '0');
INSERT INTO `borrow_info` VALUES ('293', '3151906116', '22247', '2017-03-25 15:49:34', '2017-12-25 15:52:52', '2017-09-25 15:56:11', '0');
INSERT INTO `borrow_info` VALUES ('294', '3151906117', '22248', '2017-03-25 15:49:40', '2017-11-25 15:52:27', '2017-07-25 15:55:49', '0');
INSERT INTO `borrow_info` VALUES ('295', '3151906118', '22249', '2017-02-25 15:49:46', '2017-11-25 15:52:44', '2017-08-25 15:56:01', '0');
INSERT INTO `borrow_info` VALUES ('296', '3151906119', '22250', '2017-02-14 15:49:53', '2017-12-25 15:52:52', '2017-09-25 15:56:11', '0');
INSERT INTO `borrow_info` VALUES ('297', '3151906120', '22251', '2017-01-01 15:49:15', '2017-11-25 15:52:27', '2017-07-25 15:55:49', '0');
INSERT INTO `borrow_info` VALUES ('298', '3151906121', '22252', '2017-03-25 15:49:34', '2017-11-25 15:52:44', '2017-08-25 15:56:01', '0');
INSERT INTO `borrow_info` VALUES ('299', '3151906122', '22253', '2017-03-25 15:49:40', '2017-12-25 15:52:52', '2017-07-25 15:55:49', '0');
INSERT INTO `borrow_info` VALUES ('300', '3151906123', '22254', '2017-02-25 15:49:46', '2017-11-25 15:52:27', '2017-08-25 15:56:01', '0');
INSERT INTO `borrow_info` VALUES ('301', '3151906125', '22255', '2017-02-14 15:49:53', '2017-11-25 15:52:44', '2017-09-25 15:56:11', '0');
INSERT INTO `borrow_info` VALUES ('302', '3151906128', '22256', '2017-01-01 15:49:15', '2017-12-25 15:52:52', '2017-07-25 15:55:49', '0');
INSERT INTO `borrow_info` VALUES ('303', '3151906129', '22257', '2017-03-25 15:49:34', '2017-11-25 15:52:27', '2017-08-25 15:56:01', '0');
INSERT INTO `borrow_info` VALUES ('304', '3151906130', '22258', '2017-03-25 15:49:40', '2017-11-25 15:52:44', '2017-09-25 15:56:11', '0');
INSERT INTO `borrow_info` VALUES ('305', '3151906131', '22259', '2017-02-25 15:49:46', '2017-12-25 15:52:52', '2017-07-25 15:55:49', '0');
INSERT INTO `borrow_info` VALUES ('306', '3151906201', '22260', '2017-02-14 15:49:53', '2017-11-25 15:52:27', '2017-08-25 15:56:01', '0');
INSERT INTO `borrow_info` VALUES ('307', '3151906202', '22261', '2017-01-01 15:49:15', '2017-11-25 15:52:44', '2017-09-25 15:56:11', '0');
INSERT INTO `borrow_info` VALUES ('308', '3151906203', '22262', '2017-03-25 15:49:34', '2017-12-25 15:52:52', '2017-07-25 15:55:49', '0');
INSERT INTO `borrow_info` VALUES ('309', '3151906204', '22263', '2017-03-25 15:49:40', '2017-11-25 15:52:27', '2017-08-25 15:56:01', '0');
INSERT INTO `borrow_info` VALUES ('310', '3151906205', '22264', '2017-02-25 15:49:46', '2017-11-25 15:52:44', '2017-09-25 15:56:11', '0');
INSERT INTO `borrow_info` VALUES ('311', '3151906206', '22265', '2017-02-14 15:49:53', '2017-12-25 15:52:52', '2017-07-25 15:55:49', '0');
INSERT INTO `borrow_info` VALUES ('312', '3151906207', '22266', '2017-01-01 15:49:15', '2017-11-25 15:52:27', '2017-08-25 15:56:01', '0');
INSERT INTO `borrow_info` VALUES ('313', '3151906208', '22267', '2017-03-25 15:49:34', '2017-11-25 15:52:44', '2017-09-25 15:56:11', '0');
INSERT INTO `borrow_info` VALUES ('314', '3151906209', '22268', '2017-03-25 15:49:40', '2017-12-25 15:52:52', '2017-07-25 15:55:49', '0');
INSERT INTO `borrow_info` VALUES ('315', '3151906210', '22269', '2017-02-25 15:49:46', '2017-11-25 15:52:27', '2017-08-25 15:56:01', '0');
INSERT INTO `borrow_info` VALUES ('316', '3151906211', '22270', '2017-01-01 15:49:15', '2017-11-25 15:52:44', '2017-09-25 15:56:11', '0');
INSERT INTO `borrow_info` VALUES ('317', '3151906212', '22271', '2017-03-25 15:49:34', '2017-12-25 15:52:52', '2017-07-25 15:55:49', '0');
INSERT INTO `borrow_info` VALUES ('318', '3151906213', '22272', '2017-03-25 15:49:40', '2017-11-25 15:52:27', '2017-08-25 15:56:01', '0');
INSERT INTO `borrow_info` VALUES ('319', '3151906214', '22273', '2017-02-25 15:49:46', '2017-11-25 15:52:44', '2017-09-25 15:56:11', '0');
INSERT INTO `borrow_info` VALUES ('320', '3151906215', '22274', '2017-02-14 15:49:53', '2017-12-25 15:52:52', '2017-07-25 15:55:49', '0');
INSERT INTO `borrow_info` VALUES ('321', '3151906216', '11111', '2017-01-01 15:49:15', '2017-11-25 15:52:27', '2017-08-25 15:56:01', '0');
INSERT INTO `borrow_info` VALUES ('322', '3151906217', '22222', '2017-03-25 15:49:34', '2017-11-25 15:52:44', '2017-09-25 15:56:11', '0');
INSERT INTO `borrow_info` VALUES ('323', '3151906218', '22223', '2017-03-25 15:49:40', '2017-12-25 15:52:52', '2017-07-25 15:55:49', '0');
INSERT INTO `borrow_info` VALUES ('324', '3151906219', '22224', '2017-02-25 15:49:46', '2017-11-25 15:52:27', '2017-08-25 15:56:01', '0');
INSERT INTO `borrow_info` VALUES ('325', '3151906222', '22225', '2017-01-01 15:49:15', '2017-11-25 15:52:44', '2017-09-25 15:56:11', '0');
INSERT INTO `borrow_info` VALUES ('326', '3151906223', '22226', '2017-03-25 15:49:34', '2017-12-25 15:52:52', '2017-07-25 15:55:49', '0');
INSERT INTO `borrow_info` VALUES ('327', '3151906224', '22227', '2017-03-25 15:49:40', '2017-11-25 15:52:27', '2017-08-25 15:56:01', '0');
INSERT INTO `borrow_info` VALUES ('328', '3151906225', '22228', '2017-02-25 15:49:46', '2017-11-25 15:52:44', '2017-09-25 15:56:11', '0');
INSERT INTO `borrow_info` VALUES ('329', '3151906226', '22229', '2017-02-14 15:49:53', '2017-12-25 15:52:52', '2017-07-25 15:55:49', '0');
INSERT INTO `borrow_info` VALUES ('330', '3151906227', '22230', '2017-01-01 15:49:15', '2017-11-25 15:52:27', '2017-08-25 15:56:01', '0');
INSERT INTO `borrow_info` VALUES ('331', '3151906228', '22231', '2017-03-25 15:49:34', '2017-11-25 15:52:44', '2017-09-25 15:56:11', '0');
INSERT INTO `borrow_info` VALUES ('332', '3151906229', '22232', '2017-03-25 15:49:40', '2017-12-25 15:52:52', '2017-07-25 15:55:49', '0');
INSERT INTO `borrow_info` VALUES ('333', '3151906230', '22233', '2017-02-25 15:49:46', '2017-11-25 15:52:27', '2017-08-25 15:56:01', '0');
INSERT INTO `borrow_info` VALUES ('334', '3151906231', '22234', '2017-01-01 15:49:15', '2017-11-25 15:52:44', '2017-07-25 15:55:49', '0');
INSERT INTO `borrow_info` VALUES ('335', '3141906201', '22235', '2017-03-25 15:49:34', '2017-12-25 15:52:52', '2017-08-25 15:56:01', '0');
INSERT INTO `borrow_info` VALUES ('336', '3141906207', '22236', '2017-03-25 15:49:40', '2017-11-25 15:52:27', '2017-09-25 15:56:11', '0');
INSERT INTO `borrow_info` VALUES ('337', '3141906214', '22237', '2017-02-25 15:49:46', '2017-11-25 15:52:44', '2017-07-25 15:55:49', '0');
INSERT INTO `borrow_info` VALUES ('338', '3150907110', '22238', '2017-02-14 15:49:53', '2017-12-25 15:52:52', '2017-08-25 15:56:01', '0');
INSERT INTO `borrow_info` VALUES ('339', '3151802123', '22239', '2017-01-01 15:49:15', '2017-11-25 15:52:27', '2017-09-25 15:56:11', '0');
INSERT INTO `borrow_info` VALUES ('340', '3151906101', '22240', '2017-03-25 15:49:34', '2017-11-25 15:52:44', '2017-07-25 15:55:49', '0');
INSERT INTO `borrow_info` VALUES ('341', '3151906102', '22241', '2017-03-25 15:49:40', '2017-12-25 15:52:52', '2017-08-25 15:56:01', '0');
INSERT INTO `borrow_info` VALUES ('342', '3151906103', '22242', '2017-02-25 15:49:46', '2017-11-25 15:52:27', '2017-09-25 15:56:11', '0');
INSERT INTO `borrow_info` VALUES ('343', '3151906104', '22243', '2017-01-01 15:49:15', '2017-11-25 15:52:44', '2017-07-25 15:55:49', '0');
INSERT INTO `borrow_info` VALUES ('344', '3151906106', '22244', '2017-03-25 15:49:34', '2017-12-25 15:52:52', '2017-08-25 15:56:01', '0');
INSERT INTO `borrow_info` VALUES ('345', '3151906107', '22245', '2017-03-25 15:49:40', '2017-11-25 15:52:27', '2017-07-25 15:55:49', '0');
INSERT INTO `borrow_info` VALUES ('346', '3151906108', '22246', '2017-02-25 15:49:46', '2017-11-25 15:52:44', '2017-08-25 15:56:01', '0');
INSERT INTO `borrow_info` VALUES ('347', '3151906109', '22247', '2017-02-14 15:49:53', '2017-12-25 15:52:52', '2017-09-25 15:56:11', '0');
INSERT INTO `borrow_info` VALUES ('348', '3151906110', '22248', '2017-01-01 15:49:15', '2017-11-25 15:52:27', '2017-07-25 15:55:49', '0');
INSERT INTO `borrow_info` VALUES ('349', '3151906111', '22249', '2017-03-25 15:49:34', '2017-11-25 15:52:44', '2017-08-25 15:56:01', '0');
INSERT INTO `borrow_info` VALUES ('350', '3151906112', '22250', '2017-03-25 15:49:40', '2017-12-25 15:52:52', '2017-09-25 15:56:11', '0');
INSERT INTO `borrow_info` VALUES ('351', '3151906113', '22251', '2017-02-25 15:49:46', '2017-11-25 15:52:27', '2017-07-25 15:55:49', '0');
INSERT INTO `borrow_info` VALUES ('352', '3151906114', '22252', '2017-02-14 15:49:53', '2017-11-25 15:52:44', '2017-07-25 15:55:49', '0');
INSERT INTO `borrow_info` VALUES ('353', '3151906115', '22253', '2017-01-01 15:49:15', '2017-12-25 15:52:52', '2017-08-25 15:56:01', '0');
INSERT INTO `borrow_info` VALUES ('354', '3151906116', '22254', '2017-03-25 15:49:34', '2017-11-25 15:52:27', '2017-09-25 15:56:11', '0');
INSERT INTO `borrow_info` VALUES ('355', '3151906117', '22255', '2017-03-25 15:49:40', '2017-11-25 15:52:44', '2017-07-25 15:55:49', '0');
INSERT INTO `borrow_info` VALUES ('356', '3151906118', '22256', '2017-02-25 15:49:46', '2017-12-25 15:52:52', '2017-08-25 15:56:01', '0');
INSERT INTO `borrow_info` VALUES ('357', '3151906119', '22257', '2017-02-14 15:49:53', '2017-11-25 15:52:27', '2017-09-25 15:56:11', '0');
INSERT INTO `borrow_info` VALUES ('358', '3151906120', '22258', '2017-01-01 15:49:15', '2017-11-25 15:52:44', '2017-07-25 15:55:49', '0');
INSERT INTO `borrow_info` VALUES ('359', '3151906121', '22259', '2017-03-25 15:49:34', '2017-12-25 15:52:52', '2017-08-25 15:56:01', '0');
INSERT INTO `borrow_info` VALUES ('360', '3151906122', '22260', '2017-03-25 15:49:40', '2017-11-25 15:52:27', '2017-09-25 15:56:11', '0');
INSERT INTO `borrow_info` VALUES ('361', '3151906123', '22261', '2017-02-25 15:49:46', '2017-11-25 15:52:44', '2017-07-25 15:55:49', '0');
INSERT INTO `borrow_info` VALUES ('362', '3151906125', '22262', '2017-01-01 15:49:15', '2017-12-25 15:52:52', '2017-08-25 15:56:01', '0');
INSERT INTO `borrow_info` VALUES ('363', '3151906128', '22263', '2017-03-25 15:49:34', '2017-11-25 15:52:27', '2017-07-25 15:55:49', '0');
INSERT INTO `borrow_info` VALUES ('364', '3151906129', '22264', '2017-03-25 15:49:40', '2017-11-25 15:52:44', '2017-08-25 15:56:01', '0');
INSERT INTO `borrow_info` VALUES ('365', '3151906130', '22265', '2017-02-25 15:49:46', '2017-12-25 15:52:52', '2017-09-25 15:56:11', '0');
INSERT INTO `borrow_info` VALUES ('366', '3151906131', '22266', '2017-02-14 15:49:53', '2017-11-25 15:52:27', '2017-07-25 15:55:49', '0');
INSERT INTO `borrow_info` VALUES ('367', '3151906201', '22267', '2017-01-01 15:49:15', '2017-11-25 15:52:44', '2017-08-25 15:56:01', '0');
INSERT INTO `borrow_info` VALUES ('368', '3151906202', '11111', '2017-03-25 15:49:34', '2017-12-25 15:52:52', '2017-09-25 15:56:11', '0');
INSERT INTO `borrow_info` VALUES ('369', '3151906203', '22222', '2017-03-25 15:49:40', '2017-11-25 15:52:27', '2017-07-25 15:55:49', '0');
INSERT INTO `borrow_info` VALUES ('370', '3151906204', '22223', '2017-02-25 15:49:46', '2017-11-25 15:52:44', '2017-08-25 15:56:01', '0');
INSERT INTO `borrow_info` VALUES ('371', '3151906205', '22224', '2017-01-01 15:49:15', '2017-12-25 15:52:52', '2017-09-25 15:56:11', '0');
INSERT INTO `borrow_info` VALUES ('372', '3151906206', '22225', '2017-03-25 15:49:34', '2017-11-25 15:52:27', '2017-07-25 15:55:49', '0');
INSERT INTO `borrow_info` VALUES ('373', '3151906207', '22226', '2017-03-25 15:49:40', '2017-11-25 15:52:44', '2017-08-25 15:56:01', '0');
INSERT INTO `borrow_info` VALUES ('374', '3151906208', '22227', '2017-02-25 15:49:46', '2017-12-25 15:52:52', '2017-07-25 15:55:49', '0');
INSERT INTO `borrow_info` VALUES ('375', '3151906209', '22228', '2017-02-14 15:49:53', '2017-11-25 15:52:27', '2017-08-25 15:56:01', '0');
INSERT INTO `borrow_info` VALUES ('376', '3151906210', '22229', '2017-01-01 15:49:15', '2017-11-25 15:52:44', '2017-09-25 15:56:11', '0');
INSERT INTO `borrow_info` VALUES ('377', '3151906211', '22230', '2017-03-25 15:49:34', '2017-12-25 15:52:52', '2017-07-25 15:55:49', '0');
INSERT INTO `borrow_info` VALUES ('378', '3151906212', '22231', '2017-03-25 15:49:40', '2017-11-25 15:52:27', '2017-08-25 15:56:01', '0');
INSERT INTO `borrow_info` VALUES ('379', '3151906213', '22232', '2017-02-25 15:49:46', '2017-11-25 15:52:44', '2017-09-25 15:56:11', '0');
INSERT INTO `borrow_info` VALUES ('380', '3151906214', '22233', '2017-02-14 15:49:53', '2017-12-25 15:52:52', '2017-07-25 15:55:49', '0');
INSERT INTO `borrow_info` VALUES ('381', '3151906215', '22234', '2017-01-01 15:49:15', '2017-11-25 15:52:27', '2017-08-25 15:56:01', '0');
INSERT INTO `borrow_info` VALUES ('382', '3151906216', '22235', '2017-03-25 15:49:34', '2017-11-25 15:52:44', '2017-09-25 15:56:11', '0');
INSERT INTO `borrow_info` VALUES ('383', '3151906217', '22236', '2017-03-25 15:49:40', '2017-12-25 15:52:52', '2017-07-25 15:55:49', '0');
INSERT INTO `borrow_info` VALUES ('384', '3151906218', '22237', '2017-02-25 15:49:46', '2017-11-25 15:52:27', '2017-07-25 15:55:49', '0');
INSERT INTO `borrow_info` VALUES ('385', '3151906219', '22238', '2017-02-14 15:49:53', '2017-11-25 15:52:44', '2017-08-25 15:56:01', '0');
INSERT INTO `borrow_info` VALUES ('386', '3151906222', '22239', '2017-01-01 15:49:15', '2017-12-25 15:52:52', '2017-09-25 15:56:11', '0');
INSERT INTO `borrow_info` VALUES ('387', '3151906223', '22240', '2017-03-25 15:49:34', '2017-11-25 15:52:27', '2017-07-25 15:55:49', '0');
INSERT INTO `borrow_info` VALUES ('388', '3151906224', '22241', '2017-03-25 15:49:40', '2017-11-25 15:52:44', '2017-08-25 15:56:01', '0');
INSERT INTO `borrow_info` VALUES ('389', '3151906225', '22242', '2017-02-25 15:49:46', '2017-12-25 15:52:52', '2017-07-25 15:55:49', '0');
INSERT INTO `borrow_info` VALUES ('390', '3151906226', '22243', '2017-02-14 15:49:53', '2017-11-25 15:52:27', '2017-08-25 15:56:01', '0');
INSERT INTO `borrow_info` VALUES ('391', '3151906227', '22244', '2017-01-01 15:49:15', '2017-11-25 15:52:44', '2017-09-25 15:56:11', '0');
INSERT INTO `borrow_info` VALUES ('392', '3151906228', '22245', '2017-03-25 15:49:34', '2017-12-25 15:52:52', '2017-07-25 15:55:49', '0');
INSERT INTO `borrow_info` VALUES ('393', '3151906229', '11111', '2017-03-25 15:49:40', '2017-11-25 15:52:27', '2017-08-25 15:56:01', '0');
INSERT INTO `borrow_info` VALUES ('394', '3151906230', '22222', '2017-02-25 15:49:46', '2017-11-25 15:52:44', '2017-09-25 15:56:11', '0');
INSERT INTO `borrow_info` VALUES ('395', '3151906231', '22223', '2017-02-14 15:49:53', '2017-12-25 15:52:52', '2017-07-25 15:55:49', '0');
INSERT INTO `borrow_info` VALUES ('396', '3141906201', '22224', '2017-01-01 15:49:15', '2017-11-25 15:52:27', '2017-08-25 15:56:01', '0');
INSERT INTO `borrow_info` VALUES ('397', '3141906207', '22225', '2017-03-25 15:49:34', '2017-11-25 15:52:44', '2017-09-25 15:56:11', '0');
INSERT INTO `borrow_info` VALUES ('398', '3141906214', '22226', '2017-03-25 15:49:40', '2017-12-25 15:52:52', '2017-07-25 15:55:49', '0');
INSERT INTO `borrow_info` VALUES ('399', '3150907110', '22227', '2017-02-25 15:49:46', '2017-11-25 15:52:27', '2017-08-25 15:56:01', '0');
INSERT INTO `borrow_info` VALUES ('400', '3151802123', '22228', '2017-01-01 15:49:15', '2017-11-25 15:52:44', '2017-07-25 15:55:49', '0');
INSERT INTO `borrow_info` VALUES ('401', '3151906101', '22229', '2017-03-25 15:49:34', '2017-12-25 15:52:52', '2017-08-25 15:56:01', '0');
INSERT INTO `borrow_info` VALUES ('402', '3151906102', '22230', '2017-03-25 15:49:40', '2017-11-25 15:52:27', '2017-09-25 15:56:11', '0');
INSERT INTO `borrow_info` VALUES ('403', '3151906103', '22231', '2017-02-25 15:49:46', '2017-11-25 15:52:44', '2017-07-25 15:55:49', '0');
INSERT INTO `borrow_info` VALUES ('404', '3151906104', '22232', '2017-02-14 15:49:53', '2017-12-25 15:52:52', '2017-08-25 15:56:01', '0');
INSERT INTO `borrow_info` VALUES ('405', '3151906106', '22233', '2017-01-01 15:49:15', '2017-11-25 15:52:27', '2017-09-25 15:56:11', '0');
INSERT INTO `borrow_info` VALUES ('406', '3151906107', '22234', '2017-03-25 15:49:34', '2017-11-25 15:52:44', '2017-07-25 15:55:49', '0');
INSERT INTO `borrow_info` VALUES ('407', '3151906108', '22235', '2017-03-25 15:49:40', '2017-12-25 15:52:52', '2017-08-25 15:56:01', '0');
INSERT INTO `borrow_info` VALUES ('408', '3151906109', '22236', '2017-02-25 15:49:46', '2017-11-25 15:52:27', '2017-09-25 15:56:11', '0');
INSERT INTO `borrow_info` VALUES ('409', '3151906110', '22237', '2017-01-01 15:49:15', '2017-11-25 15:52:44', '2017-07-25 15:55:49', '0');
INSERT INTO `borrow_info` VALUES ('410', '3151906111', '22238', '2017-03-25 15:49:34', '2017-12-25 15:52:52', '2017-08-25 15:56:01', '0');
INSERT INTO `borrow_info` VALUES ('411', '3151906112', '22239', '2017-03-25 15:49:40', '2017-11-25 15:52:27', '2017-09-25 15:56:11', '0');
INSERT INTO `borrow_info` VALUES ('412', '3151906113', '22240', '2017-02-25 15:49:46', '2017-11-25 15:52:44', '2017-07-25 15:55:49', '0');
INSERT INTO `borrow_info` VALUES ('413', '3151906114', '22241', '2017-02-14 15:49:53', '2017-12-25 15:52:52', '2017-08-25 15:56:01', '0');
INSERT INTO `borrow_info` VALUES ('414', '3151906115', '22242', '2017-01-01 15:49:15', '2017-11-25 15:52:27', '2017-09-25 15:56:11', '0');
INSERT INTO `borrow_info` VALUES ('415', '3151906116', '22243', '2017-03-25 15:49:34', '2017-11-25 15:52:44', '2017-07-25 15:55:49', '0');
INSERT INTO `borrow_info` VALUES ('416', '3151906117', '22244', '2017-03-25 15:49:40', '2017-12-25 15:52:52', '2017-08-25 15:56:01', '0');
INSERT INTO `borrow_info` VALUES ('417', '3151906118', '22245', '2017-02-25 15:49:46', '2017-11-25 15:52:27', '2017-09-25 15:56:11', '0');
INSERT INTO `borrow_info` VALUES ('418', '3151906119', '22246', '2017-01-01 15:49:15', '2017-11-25 15:52:44', '2017-07-25 15:55:49', '0');
INSERT INTO `borrow_info` VALUES ('419', '3151906120', '22247', '2017-03-25 15:49:34', '2017-12-25 15:52:52', '2017-08-25 15:56:01', '0');
INSERT INTO `borrow_info` VALUES ('420', '3151906121', '22248', '2017-03-25 15:49:40', '2017-11-25 15:52:27', '2017-09-25 15:56:11', '0');
INSERT INTO `borrow_info` VALUES ('421', '3151906122', '22249', '2017-02-25 15:49:46', '2017-11-25 15:52:44', '2017-07-25 15:55:49', '0');
INSERT INTO `borrow_info` VALUES ('422', '3151906123', '22250', '2017-02-14 15:49:53', '2017-12-25 15:52:52', '2017-08-25 15:56:01', '0');
INSERT INTO `borrow_info` VALUES ('423', '3151906125', '22251', '2017-01-01 15:49:15', '2017-11-25 15:52:27', '2017-09-25 15:56:11', '0');
INSERT INTO `borrow_info` VALUES ('424', '3151906128', '11111', '2017-03-25 15:49:34', '2017-11-25 15:52:44', '2017-07-25 15:55:49', '0');
INSERT INTO `borrow_info` VALUES ('425', '3151906129', '22222', '2017-03-25 15:49:40', '2017-12-25 15:52:52', '2017-08-25 15:56:01', '0');
INSERT INTO `borrow_info` VALUES ('426', '3151906130', '22223', '2017-02-25 15:49:46', '2017-11-25 15:52:27', '2017-09-25 15:56:11', '0');
INSERT INTO `borrow_info` VALUES ('427', '3151906131', '22224', '2017-01-01 15:49:15', '2017-11-25 15:52:44', '2017-07-25 15:55:49', '0');
INSERT INTO `borrow_info` VALUES ('428', '3151906201', '22225', '2017-03-25 15:49:34', '2017-12-25 15:52:52', '2017-08-25 15:56:01', '0');
INSERT INTO `borrow_info` VALUES ('429', '3151906202', '22226', '2017-03-25 15:49:40', '2017-11-25 15:52:27', '2017-09-25 15:56:11', '0');
INSERT INTO `borrow_info` VALUES ('430', '3151906203', '22227', '2017-02-25 15:49:46', '2017-11-25 15:52:44', '2017-07-25 15:55:49', '0');
INSERT INTO `borrow_info` VALUES ('431', '3151906204', '22228', '2017-02-14 15:49:53', '2017-12-25 15:52:52', '2017-08-25 15:56:01', '0');
INSERT INTO `borrow_info` VALUES ('432', '3151906205', '22229', '2017-01-01 15:49:15', '2017-11-25 15:52:27', '2017-09-25 15:56:11', '0');
INSERT INTO `borrow_info` VALUES ('433', '3151906206', '22230', '2017-03-25 15:49:34', '2017-11-25 15:52:44', '2017-07-25 15:55:49', '0');
INSERT INTO `borrow_info` VALUES ('434', '3151906207', '22231', '2017-03-25 15:49:40', '2017-12-25 15:52:52', '2017-08-25 15:56:01', '0');
INSERT INTO `borrow_info` VALUES ('435', '3151906208', '22232', '2017-02-25 15:49:46', '2017-11-25 15:52:27', '2017-09-25 15:56:11', '0');
INSERT INTO `borrow_info` VALUES ('436', '3151906209', '22233', '2017-01-01 15:49:15', '2017-11-25 15:52:44', '2017-07-25 15:55:49', '0');
INSERT INTO `borrow_info` VALUES ('437', '3151906210', '22234', '2017-03-25 15:49:34', '2017-12-25 15:52:52', '2017-08-25 15:56:01', '0');
INSERT INTO `borrow_info` VALUES ('438', '3151906211', '22235', '2017-03-25 15:49:40', '2017-11-25 15:52:27', '2017-09-25 15:56:11', '0');
INSERT INTO `borrow_info` VALUES ('439', '3151906212', '22236', '2017-02-25 15:49:46', '2017-11-25 15:52:44', '2017-07-25 15:55:49', '0');
INSERT INTO `borrow_info` VALUES ('440', '3151906213', '22237', '2017-02-14 15:49:53', '2017-12-25 15:52:52', '2017-08-25 15:56:01', '0');
INSERT INTO `borrow_info` VALUES ('441', '3151906214', '22238', '2017-01-01 15:49:15', '2017-11-25 15:52:27', '2017-09-25 15:56:11', '0');
INSERT INTO `borrow_info` VALUES ('442', '3151906215', '22239', '2017-03-25 15:49:34', '2017-11-25 15:52:44', '2017-07-25 15:55:49', '0');
INSERT INTO `borrow_info` VALUES ('443', '3151906216', '22240', '2017-03-25 15:49:40', '2017-12-25 15:52:52', '2017-08-25 15:56:01', '0');
INSERT INTO `borrow_info` VALUES ('444', '3151906217', '22241', '2017-02-25 15:49:46', '2017-11-25 15:52:27', '2017-09-25 15:56:11', '0');
INSERT INTO `borrow_info` VALUES ('445', '3151906218', '22242', '2017-01-01 15:49:15', '2017-11-25 15:52:44', '2017-07-25 15:55:49', '0');
INSERT INTO `borrow_info` VALUES ('446', '3151906219', '22243', '2017-03-25 15:49:34', '2017-12-25 15:52:52', '2017-08-25 15:56:01', '0');
INSERT INTO `borrow_info` VALUES ('447', '3151906222', '22244', '2017-03-25 15:49:40', '2017-11-25 15:52:27', '2017-09-25 15:56:11', '0');
INSERT INTO `borrow_info` VALUES ('448', '3151906223', '22245', '2017-02-25 15:49:46', '2017-11-25 15:52:44', '2017-07-25 15:55:49', '0');
INSERT INTO `borrow_info` VALUES ('449', '3151906224', '22246', '2017-02-14 15:49:53', '2017-12-25 15:52:52', '2017-08-25 15:56:01', '0');
INSERT INTO `borrow_info` VALUES ('450', '3151906225', '22247', '2017-01-01 15:49:15', '2017-11-25 15:52:27', '2017-09-25 15:56:11', '0');
INSERT INTO `borrow_info` VALUES ('451', '3151906226', '22248', '2017-03-25 15:49:34', '2017-11-25 15:52:44', '2017-07-25 15:55:49', '0');
INSERT INTO `borrow_info` VALUES ('452', '3151906227', '22249', '2017-03-25 15:49:40', '2017-12-25 15:52:52', '2017-08-25 15:56:01', '0');
INSERT INTO `borrow_info` VALUES ('453', '3151906228', '22250', '2017-01-01 15:49:15', '2017-11-25 15:52:27', '2017-09-25 15:56:11', '0');
INSERT INTO `borrow_info` VALUES ('454', '3151906229', '22251', '2017-03-25 15:49:34', '2017-11-25 15:52:44', '2017-07-25 15:55:49', '0');
INSERT INTO `borrow_info` VALUES ('455', '3151906230', '22252', '2017-03-25 15:49:40', '2017-12-25 15:52:52', '2017-08-25 15:56:01', '0');
INSERT INTO `borrow_info` VALUES ('456', '3151906231', '22253', '2017-02-25 15:49:46', '2017-11-25 15:52:27', '2017-09-25 15:56:11', '0');
INSERT INTO `borrow_info` VALUES ('457', '3141906201', '22254', '2017-02-14 15:49:53', '2017-11-25 15:52:44', '2017-07-25 15:55:49', '0');
INSERT INTO `borrow_info` VALUES ('458', '3141906207', '11111', '2017-01-01 15:49:15', '2017-12-25 15:52:52', '2017-08-25 15:56:01', '0');
INSERT INTO `borrow_info` VALUES ('459', '3141906214', '22222', '2017-03-25 15:49:34', '2017-11-25 15:52:27', '2017-09-25 15:56:11', '0');
INSERT INTO `borrow_info` VALUES ('460', '3150907110', '22223', '2017-03-25 15:49:40', '2017-11-25 15:52:44', '2017-07-25 15:55:49', '0');
INSERT INTO `borrow_info` VALUES ('461', '3151802123', '22224', '2017-02-25 15:49:46', '2017-12-25 15:52:52', '2017-08-25 15:56:01', '0');
INSERT INTO `borrow_info` VALUES ('462', '3151906101', '22225', '2017-02-14 15:49:53', '2017-11-25 15:52:27', '2017-09-25 15:56:11', '0');
INSERT INTO `borrow_info` VALUES ('463', '3151906102', '22226', '2017-01-01 15:49:15', '2017-11-25 15:52:44', '2017-07-25 15:55:49', '0');
INSERT INTO `borrow_info` VALUES ('464', '3151906103', '22227', '2017-03-25 15:49:34', '2017-12-25 15:52:52', '2017-08-25 15:56:01', '0');
INSERT INTO `borrow_info` VALUES ('465', '3151906104', '22228', '2017-03-25 15:49:40', '2017-11-25 15:52:27', '2017-09-25 15:56:11', '0');
INSERT INTO `borrow_info` VALUES ('466', '3151906106', '22229', '2017-02-25 15:49:46', '2017-11-25 15:52:44', '2017-07-25 15:55:49', '0');
INSERT INTO `borrow_info` VALUES ('467', '3151906107', '22230', '2017-02-14 15:49:53', '2017-12-25 15:52:52', '2017-08-25 15:56:01', '0');
INSERT INTO `borrow_info` VALUES ('468', '3151906108', '22231', '2017-01-01 15:49:15', '2017-11-25 15:52:27', '2017-09-25 15:56:11', '0');
INSERT INTO `borrow_info` VALUES ('469', '3151906109', '22232', '2017-03-25 15:49:34', '2017-11-25 15:52:44', '2017-07-25 15:55:49', '0');
INSERT INTO `borrow_info` VALUES ('470', '3151906110', '22233', '2017-03-25 15:49:40', '2017-12-25 15:52:52', '2017-08-25 15:56:01', '0');
INSERT INTO `borrow_info` VALUES ('471', '3151906111', '22234', '2017-02-25 15:49:46', '2017-11-25 15:52:27', '2017-09-25 15:56:11', '0');
INSERT INTO `borrow_info` VALUES ('472', '3151906112', '22235', '2017-02-14 15:49:53', '2017-11-25 15:52:44', '2017-07-25 15:55:49', '0');
INSERT INTO `borrow_info` VALUES ('473', '3151906113', '11111', '2017-01-01 15:49:15', '2017-12-25 15:52:52', '2017-08-25 15:56:01', '0');
INSERT INTO `borrow_info` VALUES ('474', '3151906114', '22222', '2017-03-25 15:49:34', '2017-11-25 15:52:27', '2017-09-25 15:56:11', '0');
INSERT INTO `borrow_info` VALUES ('475', '3151906115', '22223', '2017-03-25 15:49:40', '2017-11-25 15:52:44', '2017-07-25 15:55:49', '0');
INSERT INTO `borrow_info` VALUES ('476', '3151906116', '22224', '2017-02-25 15:49:46', '2017-12-25 15:52:52', '2017-08-25 15:56:01', '0');
INSERT INTO `borrow_info` VALUES ('477', '3151906117', '22225', '2017-02-14 15:49:53', '2017-11-25 15:52:27', '2017-09-25 15:56:11', '0');
INSERT INTO `borrow_info` VALUES ('478', '3151906118', '22226', '2017-01-01 15:49:15', '2017-11-25 15:52:44', '2017-07-25 15:55:49', '0');
INSERT INTO `borrow_info` VALUES ('479', '3151906119', '22227', '2017-03-25 15:49:34', '2017-12-25 15:52:52', '2017-08-25 15:56:01', '0');
INSERT INTO `borrow_info` VALUES ('480', '3151906120', '22228', '2017-03-25 15:49:40', '2017-11-25 15:52:27', '2017-09-25 15:56:11', '0');
INSERT INTO `borrow_info` VALUES ('481', '3151906121', '22229', '2017-02-25 15:49:46', '2017-11-25 15:52:44', '2017-07-25 15:55:49', '0');
INSERT INTO `borrow_info` VALUES ('482', '3151906122', '22230', '2017-02-14 15:49:53', '2017-12-25 15:52:52', '2017-08-25 15:56:01', '0');
INSERT INTO `borrow_info` VALUES ('483', '3151906123', '22231', '2017-01-01 15:49:15', '2017-11-25 15:52:27', '2017-09-25 15:56:11', '0');
INSERT INTO `borrow_info` VALUES ('484', '3151906125', '22232', '2017-03-25 15:49:34', '2017-11-25 15:52:44', '2017-07-25 15:55:49', '0');
INSERT INTO `borrow_info` VALUES ('485', '3151906128', '22233', '2017-03-25 15:49:40', '2017-12-25 15:52:52', '2017-08-25 15:56:01', '0');
INSERT INTO `borrow_info` VALUES ('486', '3151906129', '22234', '2017-02-25 15:49:46', '2017-11-25 15:52:27', '2017-09-25 15:56:11', '0');
INSERT INTO `borrow_info` VALUES ('487', '3151906130', '22235', '2017-02-14 15:49:53', '2017-11-25 15:52:44', '2017-07-25 15:55:49', '0');
INSERT INTO `borrow_info` VALUES ('488', '3151906131', '22236', '2017-01-01 15:49:15', '2017-12-25 15:52:52', '2017-08-25 15:56:01', '0');
INSERT INTO `borrow_info` VALUES ('489', '3151906201', '22237', '2017-03-25 15:49:34', '2017-11-25 15:52:27', '2017-09-25 15:56:11', '0');
INSERT INTO `borrow_info` VALUES ('490', '3151906202', '22238', '2017-03-25 15:49:40', '2017-11-25 15:52:44', '2017-07-25 15:55:49', '0');
INSERT INTO `borrow_info` VALUES ('491', '3151906203', '22239', '2017-02-25 15:49:46', '2017-12-25 15:52:52', '2017-08-25 15:56:01', '0');
INSERT INTO `borrow_info` VALUES ('492', '3151906204', '22240', '2017-02-14 15:49:53', '2017-11-25 15:52:27', '2017-09-25 15:56:11', '0');
INSERT INTO `borrow_info` VALUES ('493', '3151906205', '22241', '2017-01-01 15:49:15', '2017-11-25 15:52:44', '2017-07-25 15:55:49', '0');
INSERT INTO `borrow_info` VALUES ('494', '3151906206', '22242', '2017-03-25 15:49:34', '2017-12-25 15:52:52', '2017-08-25 15:56:01', '0');
INSERT INTO `borrow_info` VALUES ('495', '3151906207', '22243', '2017-03-25 15:49:40', '2017-11-25 15:52:27', '2017-09-25 15:56:11', '0');
INSERT INTO `borrow_info` VALUES ('496', '3151906208', '22244', '2017-02-25 15:49:46', '2017-11-25 15:52:44', '2017-07-25 15:55:49', '0');
INSERT INTO `borrow_info` VALUES ('497', '3151906209', '22245', '2017-02-14 15:49:53', '2017-12-25 15:52:52', '2017-08-25 15:56:01', '0');
INSERT INTO `borrow_info` VALUES ('498', '3151906210', '22246', '2017-01-01 15:49:15', '2017-11-25 15:52:27', '2017-09-25 15:56:11', '0');
INSERT INTO `borrow_info` VALUES ('499', '3151906211', '22247', '2017-03-25 15:49:34', '2017-11-25 15:52:44', '2017-07-25 15:55:49', '0');
INSERT INTO `borrow_info` VALUES ('500', '3151906212', '22248', '2017-03-25 15:49:40', '2017-12-25 15:52:52', '2017-08-25 15:56:01', '0');
INSERT INTO `borrow_info` VALUES ('501', '3151906213', '22249', '2017-02-25 15:49:46', '2017-11-25 15:52:27', '2017-09-25 15:56:11', '0');
INSERT INTO `borrow_info` VALUES ('502', '3151906214', '22250', '2017-01-01 15:49:15', '2017-11-25 15:52:44', '2017-07-25 15:55:49', '0');
INSERT INTO `borrow_info` VALUES ('503', '3151906215', '22251', '2017-03-25 15:49:34', '2017-12-25 15:52:52', '2017-08-25 15:56:01', '0');
INSERT INTO `borrow_info` VALUES ('504', '3151906216', '22252', '2017-03-25 15:49:40', '2017-11-25 15:52:27', '2017-09-25 15:56:11', '0');
INSERT INTO `borrow_info` VALUES ('505', '3151906217', '11111', '2017-02-25 15:49:46', '2017-11-25 15:52:44', '2017-07-25 15:55:49', '0');
INSERT INTO `borrow_info` VALUES ('506', '3151906218', '22222', '2017-02-14 15:49:53', '2017-12-25 15:52:52', '2017-08-25 15:56:01', '0');
INSERT INTO `borrow_info` VALUES ('507', '3151906219', '22223', '2017-01-01 15:49:15', '2017-11-25 15:52:27', '2017-09-25 15:56:11', '0');
INSERT INTO `borrow_info` VALUES ('508', '3151906222', '22224', '2017-03-25 15:49:34', '2017-11-25 15:52:44', '2017-07-25 15:55:49', '0');
INSERT INTO `borrow_info` VALUES ('509', '3151906223', '22225', '2017-03-25 15:49:40', '2017-12-25 15:52:52', '2017-08-25 15:56:01', '0');
INSERT INTO `borrow_info` VALUES ('510', '3151906224', '22226', '2017-02-25 15:49:46', '2017-11-25 15:52:27', '2017-09-25 15:56:11', '0');
INSERT INTO `borrow_info` VALUES ('511', '3151906225', '22227', '2017-02-14 15:49:53', '2017-11-25 15:52:44', '2017-07-25 15:55:49', '0');
INSERT INTO `borrow_info` VALUES ('512', '3151906226', '22228', '2017-01-01 15:49:15', '2017-12-25 15:52:52', '2017-08-25 15:56:01', '0');
INSERT INTO `borrow_info` VALUES ('513', '3151906227', '22229', '2017-03-25 15:49:34', '2017-11-25 15:52:27', '2017-09-25 15:56:11', '0');
INSERT INTO `borrow_info` VALUES ('514', '3151906228', '22230', '2017-03-25 15:49:40', '2017-11-25 15:52:44', '2017-07-25 15:55:49', '0');
INSERT INTO `borrow_info` VALUES ('515', '3151906229', '22231', '2017-02-25 15:49:46', '2017-12-25 15:52:52', '2017-08-25 15:56:01', '0');
INSERT INTO `borrow_info` VALUES ('516', '3151906230', '22232', '2017-02-14 15:49:53', '2017-11-25 15:52:27', '2017-09-25 15:56:11', '0');
INSERT INTO `borrow_info` VALUES ('517', '3151906231', '22233', '2017-01-01 15:49:15', '2017-11-25 15:52:44', '2017-07-25 15:55:49', '0');
INSERT INTO `borrow_info` VALUES ('518', '3141906201', '22234', '2017-03-25 15:49:34', '2017-12-25 15:52:52', '2017-08-25 15:56:01', '0');
INSERT INTO `borrow_info` VALUES ('519', '3141906207', '22235', '2017-03-25 15:49:40', '2017-11-25 15:52:27', '2017-09-25 15:56:11', '0');
INSERT INTO `borrow_info` VALUES ('520', '3141906214', '22236', '2017-02-25 15:49:46', '2017-11-25 15:52:44', '2017-07-25 15:55:49', '0');
INSERT INTO `borrow_info` VALUES ('521', '3150907110', '22237', '2017-02-14 15:49:53', '2017-12-25 15:52:52', '2017-08-25 15:56:01', '0');
INSERT INTO `borrow_info` VALUES ('522', '3151802123', '22238', '2017-01-01 15:49:15', '2017-11-25 15:52:27', '2017-09-25 15:56:11', '0');
INSERT INTO `borrow_info` VALUES ('523', '3151906101', '22239', '2017-03-25 15:49:34', '2017-11-25 15:52:44', '2017-07-25 15:55:49', '0');
INSERT INTO `borrow_info` VALUES ('524', '3151906102', '22240', '2017-03-25 15:49:40', '2017-12-25 15:52:52', '2017-08-25 15:56:01', '0');
INSERT INTO `borrow_info` VALUES ('525', '3151906103', '22241', '2017-02-25 15:49:46', '2017-11-25 15:52:27', '2017-09-25 15:56:11', '0');
INSERT INTO `borrow_info` VALUES ('526', '3151906104', '22242', '2017-02-14 15:49:53', '2017-11-25 15:52:44', '2017-07-25 15:55:49', '0');
INSERT INTO `borrow_info` VALUES ('527', '3151906106', '22243', '2017-01-01 15:49:15', '2017-12-25 15:52:52', '2017-08-25 15:56:01', '0');
INSERT INTO `borrow_info` VALUES ('528', '3151906107', '22244', '2017-03-25 15:49:34', '2017-11-25 15:52:27', '2017-09-25 15:56:11', '0');
INSERT INTO `borrow_info` VALUES ('529', '3151906108', '22245', '2017-03-25 15:49:40', '2017-11-25 15:52:44', '2017-07-25 15:55:49', '0');
INSERT INTO `borrow_info` VALUES ('530', '3151906109', '22246', '2017-02-25 15:49:46', '2017-12-25 15:52:52', '2017-08-25 15:56:01', '0');
INSERT INTO `borrow_info` VALUES ('531', '3151906110', '22247', '2017-02-14 15:49:53', '2017-11-25 15:52:27', '2017-07-25 15:55:49', '0');
INSERT INTO `borrow_info` VALUES ('532', '3151906111', '22248', '2017-01-01 15:49:15', '2017-11-25 15:52:44', '2017-08-25 15:56:01', '0');
INSERT INTO `borrow_info` VALUES ('533', '3151906112', '22249', '2017-03-25 15:49:34', '2017-12-25 15:52:52', '2017-09-25 15:56:11', '0');
INSERT INTO `borrow_info` VALUES ('534', '3151906113', '22250', '2017-03-25 15:49:40', '2017-11-25 15:52:27', '2017-07-25 15:55:49', '0');
INSERT INTO `borrow_info` VALUES ('535', '3151906114', '22251', '2017-02-25 15:49:46', '2017-11-25 15:52:44', '2017-08-25 15:56:01', '0');
INSERT INTO `borrow_info` VALUES ('536', '3151906115', '22252', '2017-02-14 15:49:53', '2017-12-25 15:52:52', '2017-09-25 15:56:11', '0');
INSERT INTO `borrow_info` VALUES ('537', '3151906116', '22253', '2017-01-01 15:49:15', '2017-11-25 15:52:27', '2017-07-25 15:55:49', '0');
INSERT INTO `borrow_info` VALUES ('538', '3151906117', '22254', '2017-03-25 15:49:34', '2017-11-25 15:52:44', '2017-08-25 15:56:01', '0');
INSERT INTO `borrow_info` VALUES ('539', '3151906118', '22255', '2017-03-25 15:49:40', '2017-12-25 15:52:52', '2017-09-25 15:56:11', '0');
INSERT INTO `borrow_info` VALUES ('540', '3151906119', '22256', '2017-02-25 15:49:46', '2017-11-25 15:52:27', '2017-07-25 15:55:49', '0');
INSERT INTO `borrow_info` VALUES ('541', '3151906120', '22257', '2017-02-14 15:49:53', '2017-11-25 15:52:44', '2017-08-25 15:56:01', '0');
INSERT INTO `borrow_info` VALUES ('542', '3151906121', '22258', '2017-01-01 15:49:15', '2017-12-25 15:52:52', '2017-09-25 15:56:11', '0');
INSERT INTO `borrow_info` VALUES ('543', '3151906122', '22259', '2017-03-25 15:49:34', '2017-11-25 15:52:27', '2017-07-25 15:55:49', '0');
INSERT INTO `borrow_info` VALUES ('544', '3151906123', '22260', '2017-03-25 15:49:40', '2017-11-25 15:52:44', '2017-08-25 15:56:01', '0');
INSERT INTO `borrow_info` VALUES ('545', '3151906125', '22261', '2017-02-25 15:49:46', '2017-12-25 15:52:52', '2017-09-25 15:56:11', '0');
INSERT INTO `borrow_info` VALUES ('546', '3151906128', '22262', '2017-02-14 15:49:53', '2017-11-25 15:52:27', '2017-07-25 15:55:49', '0');
INSERT INTO `borrow_info` VALUES ('547', '3151906129', '22263', '2017-01-01 15:49:15', '2017-11-25 15:52:44', '2017-08-25 15:56:01', '0');
INSERT INTO `borrow_info` VALUES ('548', '3151906130', '22264', '2017-03-25 15:49:34', '2017-12-25 15:52:52', '2017-09-25 15:56:11', '0');
INSERT INTO `borrow_info` VALUES ('549', '3151906131', '22265', '2017-03-25 15:49:40', '2017-11-25 15:52:27', '2017-07-25 15:55:49', '0');
INSERT INTO `borrow_info` VALUES ('550', '3151906201', '22266', '2017-02-25 15:49:46', '2017-11-25 15:52:44', '2017-08-25 15:56:01', '0');
INSERT INTO `borrow_info` VALUES ('551', '3151906202', '22267', '2017-02-14 15:49:53', '2017-12-25 15:52:52', '2017-09-25 15:56:11', '0');
INSERT INTO `borrow_info` VALUES ('552', '3151906203', '22268', '2017-01-01 15:49:15', '2017-11-25 15:52:27', '2017-07-25 15:55:49', '0');
INSERT INTO `borrow_info` VALUES ('553', '3151906204', '22269', '2017-03-25 15:49:34', '2017-11-25 15:52:44', '2017-08-25 15:56:01', '0');
INSERT INTO `borrow_info` VALUES ('554', '3151906205', '22270', '2017-03-25 15:49:40', '2017-12-25 15:52:52', '2017-09-25 15:56:11', '0');
INSERT INTO `borrow_info` VALUES ('555', '3151906206', '22271', '2017-02-25 15:49:46', '2017-11-25 15:52:27', '2017-07-25 15:55:49', '0');
INSERT INTO `borrow_info` VALUES ('556', '3151906207', '22272', '2017-02-14 15:49:53', '2017-11-25 15:52:44', '2017-08-25 15:56:01', '0');
INSERT INTO `borrow_info` VALUES ('557', '3151906208', '22273', '2017-01-01 15:49:15', '2017-12-25 15:52:52', '2017-09-25 15:56:11', '0');
INSERT INTO `borrow_info` VALUES ('558', '3151906209', '22274', '2017-03-25 15:49:34', '2017-11-25 15:52:27', '2017-07-25 15:55:49', '0');
INSERT INTO `borrow_info` VALUES ('559', '3151906210', '11111', '2017-03-25 15:49:40', '2017-11-25 15:52:44', '2017-08-25 15:56:01', '0');
INSERT INTO `borrow_info` VALUES ('560', '3151906211', '22222', '2017-02-25 15:49:46', '2017-12-25 15:52:52', '2017-09-25 15:56:11', '0');
INSERT INTO `borrow_info` VALUES ('561', '3151906212', '22223', '2017-02-14 15:49:53', '2017-11-25 15:52:27', '2017-07-25 15:55:49', '0');
INSERT INTO `borrow_info` VALUES ('562', '3151906213', '22224', '2017-01-01 15:49:15', '2017-11-25 15:52:44', '2017-08-25 15:56:01', '0');
INSERT INTO `borrow_info` VALUES ('563', '3151906214', '22225', '2017-03-25 15:49:34', '2017-12-25 15:52:52', '2017-09-25 15:56:11', '0');
INSERT INTO `borrow_info` VALUES ('564', '3151906215', '22226', '2017-03-25 15:49:40', '2017-11-25 15:52:27', '2017-07-25 15:55:49', '0');
INSERT INTO `borrow_info` VALUES ('565', '3151906216', '22227', '2017-02-25 15:49:46', '2017-11-25 15:52:44', '2017-08-25 15:56:01', '0');
INSERT INTO `borrow_info` VALUES ('566', '3151906217', '22228', '2017-02-14 15:49:53', '2017-12-25 15:52:52', '2017-07-25 15:55:49', '0');
INSERT INTO `borrow_info` VALUES ('567', '3151906218', '22229', '2017-01-01 15:49:15', '2017-11-25 15:52:27', '2017-08-25 15:56:01', '0');
INSERT INTO `borrow_info` VALUES ('568', '3151906219', '22230', '2017-03-25 15:49:34', '2017-11-25 15:52:44', '2017-09-25 15:56:11', '0');
INSERT INTO `borrow_info` VALUES ('569', '3151906222', '22231', '2017-03-25 15:49:40', '2017-12-25 15:52:52', '2017-07-25 15:55:49', '0');
INSERT INTO `borrow_info` VALUES ('570', '3151906223', '22232', '2017-02-25 15:49:46', '2017-11-25 15:52:27', '2017-08-25 15:56:01', '0');
INSERT INTO `borrow_info` VALUES ('571', '3151906224', '22233', '2017-02-14 15:49:53', '2017-11-25 15:52:44', '2017-09-25 15:56:11', '0');
INSERT INTO `borrow_info` VALUES ('572', '3151906225', '22234', '2017-01-01 15:49:15', '2017-12-25 15:52:52', '2017-07-25 15:55:49', '0');
INSERT INTO `borrow_info` VALUES ('573', '3151906226', '22235', '2017-03-25 15:49:34', '2017-11-25 15:52:27', '2017-08-25 15:56:01', '0');
INSERT INTO `borrow_info` VALUES ('574', '3151906227', '22236', '2017-03-25 15:49:40', '2017-11-25 15:52:44', '2017-09-25 15:56:11', '0');
INSERT INTO `borrow_info` VALUES ('575', '3151906228', '22237', '2017-02-25 15:49:46', '2017-12-25 15:52:52', '2017-07-25 15:55:49', '0');
INSERT INTO `borrow_info` VALUES ('576', '3151906229', '22238', '2017-02-14 15:49:53', '2017-11-25 15:52:27', '2017-08-25 15:56:01', '0');
INSERT INTO `borrow_info` VALUES ('577', '3151906230', '11111', '2017-01-01 15:49:15', '2017-11-25 15:52:44', '2017-09-25 15:56:11', '0');
INSERT INTO `borrow_info` VALUES ('578', '3151906231', '22222', '2017-03-25 15:49:34', '2017-12-25 15:52:52', '2017-07-25 15:55:49', '0');
INSERT INTO `borrow_info` VALUES ('579', '3141906201', '22223', '2017-03-25 15:49:40', '2017-11-25 15:52:27', '2017-08-25 15:56:01', '0');
INSERT INTO `borrow_info` VALUES ('580', '3141906207', '22224', '2017-02-25 15:49:46', '2017-11-25 15:52:44', '2017-09-25 15:56:11', '0');
INSERT INTO `borrow_info` VALUES ('581', '3141906214', '22225', '2017-02-14 15:49:53', '2017-12-25 15:52:52', '2017-07-25 15:55:49', '0');
INSERT INTO `borrow_info` VALUES ('582', '3150907110', '22226', '2017-01-01 15:49:15', '2017-11-25 15:52:27', '2017-08-25 15:56:01', '0');
INSERT INTO `borrow_info` VALUES ('583', '3151802123', '22227', '2017-03-25 15:49:34', '2017-11-25 15:52:44', '2017-09-25 15:56:11', '0');
INSERT INTO `borrow_info` VALUES ('584', '3151906101', '22228', '2017-03-25 15:49:40', '2017-12-25 15:52:52', '2017-07-25 15:55:49', '0');
INSERT INTO `borrow_info` VALUES ('585', '3151906102', '22229', '2017-02-25 15:49:46', '2017-11-25 15:52:27', '2017-08-25 15:56:01', '0');
INSERT INTO `borrow_info` VALUES ('586', '3151906103', '22230', '2017-02-14 15:49:53', '2017-11-25 15:52:44', '2017-09-25 15:56:11', '0');
INSERT INTO `borrow_info` VALUES ('587', '3151906104', '22231', '2017-01-01 15:49:15', '2017-12-25 15:52:52', '2017-07-25 15:55:49', '0');
INSERT INTO `borrow_info` VALUES ('588', '3151906106', '22232', '2017-03-25 15:49:34', '2017-11-25 15:52:27', '2017-08-25 15:56:01', '0');
INSERT INTO `borrow_info` VALUES ('589', '3151906107', '22233', '2017-03-25 15:49:40', '2017-11-25 15:52:44', '2017-07-25 15:55:49', '0');
INSERT INTO `borrow_info` VALUES ('590', '3151906108', '22234', '2017-02-25 15:49:46', '2017-12-25 15:52:52', '2017-08-25 15:56:01', '0');
INSERT INTO `borrow_info` VALUES ('591', '3151906109', '22235', '2017-02-14 15:49:53', '2017-11-25 15:52:27', '2017-09-25 15:56:11', '0');
INSERT INTO `borrow_info` VALUES ('592', '3151906110', '22236', '2017-01-01 15:49:15', '2017-11-25 15:52:44', '2017-07-25 15:55:49', '0');
INSERT INTO `borrow_info` VALUES ('593', '3151906111', '11111', '2017-03-25 15:49:34', '2017-12-25 15:52:52', '2017-08-25 15:56:01', '0');
INSERT INTO `borrow_info` VALUES ('594', '3151906112', '22222', '2017-03-25 15:49:40', '2017-11-25 15:52:27', '2017-09-25 15:56:11', '0');
INSERT INTO `borrow_info` VALUES ('595', '3151906113', '22223', '2017-02-25 15:49:46', '2017-11-25 15:52:44', '2017-07-25 15:55:49', '0');
INSERT INTO `borrow_info` VALUES ('596', '3151906114', '22224', '2017-02-14 15:49:53', '2017-12-25 15:52:52', '2017-08-25 15:56:01', '0');
INSERT INTO `borrow_info` VALUES ('597', '3151906115', '22225', '2017-01-01 15:49:15', '2017-11-25 15:52:27', '2017-09-25 15:56:11', '0');
INSERT INTO `borrow_info` VALUES ('598', '3151906116', '22226', '2017-03-25 15:49:34', '2017-11-25 15:52:44', '2017-07-25 15:55:49', '0');
INSERT INTO `borrow_info` VALUES ('599', '3151906117', '22227', '2017-03-25 15:49:40', '2017-12-25 15:52:52', '2017-08-25 15:56:01', '0');
INSERT INTO `borrow_info` VALUES ('600', '3151906118', '22228', '2017-02-25 15:49:46', '2017-11-25 15:52:27', '2017-07-25 15:55:49', '0');
INSERT INTO `borrow_info` VALUES ('601', '3151906119', '22229', '2017-02-14 15:49:53', '2017-11-25 15:52:44', '2017-08-25 15:56:01', '0');
INSERT INTO `borrow_info` VALUES ('602', '3151906120', '22230', '2017-01-01 15:49:15', '2017-12-25 15:52:52', '2017-09-25 15:56:11', '0');
INSERT INTO `borrow_info` VALUES ('603', '3151906121', '22231', '2017-03-25 15:49:34', '2017-11-25 15:52:27', '2017-07-25 15:55:49', '0');
INSERT INTO `borrow_info` VALUES ('604', '3151906122', '22232', '2017-03-25 15:49:40', '2017-11-25 15:52:44', '2017-08-25 15:56:01', '0');
INSERT INTO `borrow_info` VALUES ('605', '3151906123', '22233', '2017-02-25 15:49:46', '2017-12-25 15:52:52', '2017-09-25 15:56:11', '0');
INSERT INTO `borrow_info` VALUES ('606', '3151906125', '22234', '2017-02-14 15:49:53', '2017-11-25 15:52:27', '2017-07-25 15:55:49', '0');
INSERT INTO `borrow_info` VALUES ('607', '3151906128', '22235', '2017-01-01 15:49:15', '2017-11-25 15:52:44', '2017-08-25 15:56:01', '0');
INSERT INTO `borrow_info` VALUES ('608', '3151906129', '22236', '2017-03-25 15:49:34', '2017-12-25 15:52:52', '2017-09-25 15:56:11', '0');
INSERT INTO `borrow_info` VALUES ('609', '3151906130', '22237', '2017-03-25 15:49:40', '2017-11-25 15:52:27', '2017-07-25 15:55:49', '0');
INSERT INTO `borrow_info` VALUES ('610', '3151906131', '22238', '2017-02-25 15:49:46', '2017-11-25 15:52:44', '2017-08-25 15:56:01', '0');
INSERT INTO `borrow_info` VALUES ('611', '3151906201', '22239', '2017-02-14 15:49:53', '2017-12-25 15:52:52', '2017-09-25 15:56:11', '0');
INSERT INTO `borrow_info` VALUES ('612', '3151906202', '11111', '2017-01-01 15:49:15', '2017-11-25 15:52:27', '2017-07-22 15:58:57', '0');
INSERT INTO `borrow_info` VALUES ('613', '3151906203', '22222', '2017-03-25 15:49:34', '2017-11-25 15:52:44', '2017-07-25 15:55:49', '0');
INSERT INTO `borrow_info` VALUES ('614', '3151906204', '22223', '2017-03-25 15:49:40', '2017-12-25 15:52:52', '2017-08-25 15:56:01', '0');
INSERT INTO `borrow_info` VALUES ('615', '3151906205', '22224', '2017-02-25 15:49:46', '2017-11-25 15:52:27', '2017-09-25 15:56:11', '0');
INSERT INTO `borrow_info` VALUES ('616', '3151906206', '22225', '2017-02-14 15:49:53', '2017-11-25 15:52:44', '2017-07-25 15:55:49', '0');
INSERT INTO `borrow_info` VALUES ('617', '3151906207', '22226', '2017-01-01 15:49:15', '2017-12-25 15:52:52', '2017-08-25 15:56:01', '0');
INSERT INTO `borrow_info` VALUES ('618', '3151906208', '22227', '2017-03-25 15:49:34', '2017-11-25 15:52:27', '2017-09-25 15:56:11', '0');
INSERT INTO `borrow_info` VALUES ('619', '3151906209', '22228', '2017-03-25 15:49:40', '2017-11-25 15:52:44', '2017-07-25 15:55:49', '0');
INSERT INTO `borrow_info` VALUES ('620', '3151906210', '22229', '2017-02-25 15:49:46', '2017-12-25 15:52:52', '2017-07-25 15:55:49', '0');
INSERT INTO `borrow_info` VALUES ('621', '3151906211', '22230', '2017-02-14 15:49:53', '2017-11-25 15:52:27', '2017-08-25 15:56:01', '0');
INSERT INTO `borrow_info` VALUES ('622', '3151906212', '22231', '2017-01-01 15:49:15', '2017-11-25 15:52:44', '2017-09-25 15:56:11', '0');
INSERT INTO `borrow_info` VALUES ('623', '3151906213', '22232', '2017-03-25 15:49:34', '2017-12-25 15:52:52', '2017-07-25 15:55:49', '0');
INSERT INTO `borrow_info` VALUES ('624', '3151906214', '22233', '2017-03-25 15:49:40', '2017-11-25 15:52:27', '2017-08-25 15:56:01', '0');
INSERT INTO `borrow_info` VALUES ('625', '3151906215', '22234', '2017-02-25 15:49:46', '2017-11-25 15:52:44', '2017-09-25 15:56:11', '0');
INSERT INTO `borrow_info` VALUES ('626', '3151906216', '22235', '2017-02-14 15:49:53', '2017-12-25 15:52:52', '2017-07-25 15:55:49', '0');
INSERT INTO `borrow_info` VALUES ('627', '3151906217', '22236', '2017-01-01 15:49:15', '2017-11-25 15:52:27', '2017-08-25 15:56:01', '0');
INSERT INTO `borrow_info` VALUES ('628', '3151906218', '22237', '2017-03-25 15:49:34', '2017-11-25 15:52:44', '2017-09-25 15:56:11', '0');
INSERT INTO `borrow_info` VALUES ('629', '3151906219', '22238', '2017-03-25 15:49:40', '2017-12-25 15:52:52', '2017-07-25 15:55:49', '0');
INSERT INTO `borrow_info` VALUES ('630', '3151906222', '22239', '2017-02-25 15:49:46', '2017-11-25 15:52:27', '2017-08-25 15:56:01', '0');
INSERT INTO `borrow_info` VALUES ('631', '3151906223', '22240', '2017-02-14 15:49:53', '2017-11-25 15:52:44', '2017-09-25 15:56:11', '0');
INSERT INTO `borrow_info` VALUES ('632', '3151906224', '22241', '2017-01-01 15:49:15', '2017-12-25 15:52:52', '2017-07-25 15:55:49', '0');
INSERT INTO `borrow_info` VALUES ('633', '3151906225', '22242', '2017-03-25 15:49:34', '2017-11-25 15:52:27', '2017-08-25 15:56:01', '0');
INSERT INTO `borrow_info` VALUES ('634', '3151906226', '22243', '2017-03-25 15:49:40', '2017-11-25 15:52:44', '2017-09-25 15:56:11', '0');
INSERT INTO `borrow_info` VALUES ('635', '3151906227', '22244', '2017-02-25 15:49:46', '2017-12-25 15:52:52', '2017-07-25 15:55:49', '0');
INSERT INTO `borrow_info` VALUES ('636', '3151906228', '22245', '2017-02-14 15:49:53', '2017-11-25 15:52:27', '2017-08-25 15:56:01', '0');
INSERT INTO `borrow_info` VALUES ('637', '3151906229', '22246', '2017-01-01 15:49:15', '2017-11-25 15:52:44', '2017-09-25 15:56:11', '0');
INSERT INTO `borrow_info` VALUES ('638', '3151906230', '22247', '2017-03-25 15:49:34', '2017-12-25 15:52:52', '2017-07-25 15:55:49', '0');
INSERT INTO `borrow_info` VALUES ('639', '111', '22222', '2018-03-27 21:36:02', '2018-05-01 21:36:05', '2018-03-28 23:10:08', '0');
INSERT INTO `borrow_info` VALUES ('640', '111', '22223', '2018-03-27 21:37:07', '2018-05-01 21:37:12', '2018-03-28 23:12:26', '0');
INSERT INTO `borrow_info` VALUES ('641', '111', '22224', '2018-02-01 21:37:07', '2018-03-27 21:37:12', '2018-03-28 23:23:24', '0');
INSERT INTO `borrow_info` VALUES ('644', '3151906212', '11111', '2018-03-28 00:00:00', '2018-03-30 00:00:00', '2018-03-28 23:05:53', '0');
INSERT INTO `borrow_info` VALUES ('645', '3151906212', '22222', '2018-03-28 00:00:00', '2018-03-30 00:00:00', '2018-03-28 23:03:53', '0');
INSERT INTO `borrow_info` VALUES ('646', '3151906212', '22222', '2018-03-28 00:00:00', '2018-05-27 00:00:00', '2018-03-28 23:03:53', '0');
INSERT INTO `borrow_info` VALUES ('647', '3151906212', '22223', '2018-01-01 00:00:00', '2018-02-01 00:00:00', '2018-03-28 23:07:35', '-5');
INSERT INTO `borrow_info` VALUES ('648', '3151906212', '22222', '2018-03-28 00:00:00', '2018-05-27 00:00:00', '2018-03-28 23:03:53', '0');
INSERT INTO `borrow_info` VALUES ('649', '3151906219', '11111', '2018-03-28 00:00:00', '2018-05-27 00:00:00', '2018-03-30 21:13:08', '0');
INSERT INTO `borrow_info` VALUES ('650', '3151906219', '22224', '2018-03-28 00:00:00', '2018-05-27 00:00:00', '2018-03-30 21:12:38', '0');
INSERT INTO `borrow_info` VALUES ('651', '3151906219', '22224', '2018-03-28 00:00:00', '2018-05-27 00:00:00', '2018-03-30 21:12:38', '0');
INSERT INTO `borrow_info` VALUES ('652', '111', '22271', '2018-03-29 00:00:00', '2018-05-28 00:00:00', null, null);
INSERT INTO `borrow_info` VALUES ('654', '111', '22226', '2018-03-01 00:00:00', '2018-03-15 00:00:00', '2018-03-31 16:48:50', '-2');
INSERT INTO `borrow_info` VALUES ('655', '111', '22273', '2018-03-29 00:00:00', '2018-05-28 00:00:00', null, null);
INSERT INTO `borrow_info` VALUES ('656', '3151906219', '11111', '2018-03-30 00:00:00', '2018-05-29 00:00:00', '2018-03-30 21:13:08', '0');
INSERT INTO `borrow_info` VALUES ('658', '3151906212', '11111', '2018-03-31 00:00:00', '2018-05-30 00:00:00', '2018-03-31 11:50:48', '0');
INSERT INTO `borrow_info` VALUES ('659', '3151906212', '11111', '2018-03-31 00:00:00', '2018-05-30 00:00:00', '2018-03-31 11:51:30', '0');
INSERT INTO `borrow_info` VALUES ('660', '3151906212', '22271', '2018-03-31 00:00:00', '2018-05-30 00:00:00', '2018-03-31 11:57:08', '0');
INSERT INTO `borrow_info` VALUES ('661', '111', '22262', '2018-03-31 00:00:00', '2018-05-30 00:00:00', null, null);
INSERT INTO `borrow_info` VALUES ('662', '3151906212', '22277', '2018-04-01 00:00:00', '2018-05-31 00:00:00', '2018-04-01 02:27:48', '0');
INSERT INTO `borrow_info` VALUES ('663', '111', '22245', '2018-04-01 00:00:00', '2018-05-31 00:00:00', '2018-04-01 10:01:22', '0');
INSERT INTO `borrow_info` VALUES ('664', '111', '22222', '2018-02-01 00:00:00', '2018-03-15 00:00:00', null, null);

-- ----------------------------
-- Table structure for sys_info
-- ----------------------------
DROP TABLE IF EXISTS `sys_info`;
CREATE TABLE `sys_info` (
  `id` int(11) NOT NULL,
  `name` varchar(20) NOT NULL,
  `password` varchar(20) DEFAULT NULL,
  PRIMARY KEY (`id`)
) ENGINE=InnoDB DEFAULT CHARSET=utf8;

-- ----------------------------
-- Records of sys_info
-- ----------------------------
INSERT INTO `sys_info` VALUES ('9527', '胡佳传', '111111');
INSERT INTO `sys_info` VALUES ('9528', '郭圣', '1');

-- ----------------------------
-- Table structure for user_info
-- ----------------------------
DROP TABLE IF EXISTS `user_info`;
CREATE TABLE `user_info` (
  `id` varchar(10) NOT NULL,
  `name` varchar(12) NOT NULL,
  `college` varchar(20) NOT NULL,
  `major` varchar(20) NOT NULL,
  `classes` varchar(20) NOT NULL,
  `imgpath` varchar(50) DEFAULT NULL,
  `password` varchar(20) NOT NULL,
  PRIMARY KEY (`id`)
) ENGINE=InnoDB DEFAULT CHARSET=utf8;

-- ----------------------------
-- Records of user_info
-- ----------------------------
INSERT INTO `user_info` VALUES ('111', '^David', '信息科学与工程学院', '软件工程', '软件工程1502', '1464940721982.png', '111');
INSERT INTO `user_info` VALUES ('3141906201', '王秋甘', '信息科学与工程学院', '软件工程', '软件工程1502', '3151906101.jpg', '3141906201');
INSERT INTO `user_info` VALUES ('3141906207', '李松遥', '机械科学与工程学院', '机械工程及其自动化', '机械工程及其自动化1501', '3151906203.jpg', '3141906207');
INSERT INTO `user_info` VALUES ('3141906214', '吴洛铭', '机械科学与工程学院', '机械工程及其自动化', '机械工程及其自动化1501', '3151906212.jpg', '3141906214');
INSERT INTO `user_info` VALUES ('3150907110', '彭靖凌', '机械科学与工程学院', '机械工程及其自动化', '机械工程及其自动化1501', '3151906101.jpg', '3150907110');
INSERT INTO `user_info` VALUES ('3151802123', '江思源', '信息科学与工程学院', '软件工程', '软件工程1502', '1464940721982.png', '3151802123');
INSERT INTO `user_info` VALUES ('3151906101', '昌元志', '机械科学与工程学院', '机械工程及其自动化', '机械工程及其自动化1501', '3151906212.jpg', '3151906101');
INSERT INTO `user_info` VALUES ('3151906102', '张珂', '机械科学与工程学院', '机械工程及其自动化', '机械工程及其自动化1501', '1464940721982.png', '3151906102');
INSERT INTO `user_info` VALUES ('3151906103', '吴乐', '机械科学与工程学院', '机械工程及其自动化', '机械工程及其自动化1501', '3151906101.jpg', '3151906103');
INSERT INTO `user_info` VALUES ('3151906104', '王聪方', '机械科学与工程学院', '机械工程及其自动化', '机械工程及其自动化1501', '3151906203.jpg', '3151906104');
INSERT INTO `user_info` VALUES ('3151906106', '黄俊瑞', '机械科学与工程学院', '机械工程及其自动化', '机械工程及其自动化1501', '3151906212.jpg', '3151906106');
INSERT INTO `user_info` VALUES ('3151906107', '郭嘉衡', '机械科学与工程学院', '机械工程及其自动化', '机械工程及其自动化1501', '3151906101.jpg', '3151906107');
INSERT INTO `user_info` VALUES ('3151906108', '曾长安', '机械科学与工程学院', '机械工程及其自动化', '机械工程及其自动化1501', '1464940721982.png', '3151906108');
INSERT INTO `user_info` VALUES ('3151906109', '王志辉', '机械科学与工程学院', '机械工程及其自动化', '机械工程及其自动化1501', '3151906101.jpg', '3151906109');
INSERT INTO `user_info` VALUES ('3151906110', '林锋', '机械科学与工程学院', '机械工程及其自动化', '机械工程及其自动化1501', '1464940721982.png', '3151906110');
INSERT INTO `user_info` VALUES ('3151906111', '王梓楠', '机械科学与工程学院', '机械工程及其自动化', '机械工程及其自动化1501', '3151906101.jpg', '3151906111');
INSERT INTO `user_info` VALUES ('3151906112', '林明强', '管理学院', '工程造价', '工程造价1502', '3151906203.jpg', '3151906112');
INSERT INTO `user_info` VALUES ('3151906113', '王炜焱', '管理学院', '工程造价', '工程造价1502', '3151906212.jpg', '3151906113');
INSERT INTO `user_info` VALUES ('3151906114', '陈恩赐', '管理学院', '工程造价', '工程造价1502', '3151906101.jpg', '3151906114');
INSERT INTO `user_info` VALUES ('3151906115', '胡伟鸿', '管理学院', '工程造价', '工程造价1502', '1464940721982.png', '3151906115');
INSERT INTO `user_info` VALUES ('3151906116', '陈庆辉', '管理学院', '工程造价', '工程造价1502', '3151906212.jpg', '3151906116');
INSERT INTO `user_info` VALUES ('3151906117', '叶威', '管理学院', '工程造价', '工程造价1502', '1464940721982.png', '3151906117');
INSERT INTO `user_info` VALUES ('3151906118', '郭榕豪', '管理学院', '工程造价', '工程造价1502', '3151906101.jpg', '3151906118');
INSERT INTO `user_info` VALUES ('3151906119', '刘臻', '管理学院', '工程造价', '工程造价1502', '3151906203.jpg', '3151906119');
INSERT INTO `user_info` VALUES ('3151906120', '吴喆涵', '管理学院', '工程造价', '工程造价1502', '3151906212.jpg', '3151906120');
INSERT INTO `user_info` VALUES ('3151906121', '林俊海', '管理学院', '工程造价', '工程造价1502', '3151906101.jpg', '3151906121');
INSERT INTO `user_info` VALUES ('3151906122', '代子衡', '管理学院', '工程造价', '工程造价1502', '1464940721982.png', '3151906122');
INSERT INTO `user_info` VALUES ('3151906123', '李冰洋', '管理学院', '工程造价', '工程造价1502', '3151906212.jpg', '3151906123');
INSERT INTO `user_info` VALUES ('3151906125', '冯书亚', '管理学院', '工程造价', '工程造价1502', '1464940721982.png', '3151906125');
INSERT INTO `user_info` VALUES ('3151906128', '黄聪杰', '交通工程与运输学院', '物流工程', '物流工程1501', '3151906101.jpg', '3151906128');
INSERT INTO `user_info` VALUES ('3151906129', '王朝宗', '交通工程与运输学院', '物流工程', '物流工程1501', '1464940721982.png', '3151906129');
INSERT INTO `user_info` VALUES ('3151906130', '钟振峰', '交通工程与运输学院', '物流工程', '物流工程1501', '3151906101.jpg', '3151906130');
INSERT INTO `user_info` VALUES ('3151906131', '林广闻', '交通工程与运输学院', '物流工程', '物流工程1501', '3151906203.jpg', '3151906131');
INSERT INTO `user_info` VALUES ('3151906201', '袁恬', '信息科学与工程学院', '软件工程', '软件工程1502', '3151906212.jpg', '3151906201');
INSERT INTO `user_info` VALUES ('3151906202', '周佳伟', '信息科学与工程学院', '计算机科学与技术', '计算机科学与技术1501', '3151906101.jpg', '3151906202');
INSERT INTO `user_info` VALUES ('3151906203', '周嘉铭', '信息科学与工程学院', '计算机科学与技术', '计算机科学与技术1501', '1464940721982.png', '3151906203');
INSERT INTO `user_info` VALUES ('3151906204', '林健', '信息科学与工程学院', '计算机科学与技术', '计算机科学与技术1501', '3151906101.jpg', '3151906204');
INSERT INTO `user_info` VALUES ('3151906205', '谢能鑫', '信息科学与工程学院', '计算机科学与技术', '计算机科学与技术1501', '3151906203.jpg', '3151906205');
INSERT INTO `user_info` VALUES ('3151906206', '林凯', '信息科学与工程学院', '计算机科学与技术', '计算机科学与技术1502', '3151906212.jpg', '3151906206');
INSERT INTO `user_info` VALUES ('3151906207', '周杨', '信息科学与工程学院', '计算机科学与技术', '计算机科学与技术1502', '1464940721982.png', '3151906207');
INSERT INTO `user_info` VALUES ('3151906208', '陈哲敏', '信息科学与工程学院', '计算机科学与技术', '计算机科学与技术1502', '3151906203.jpg', '3151906208');
INSERT INTO `user_info` VALUES ('3151906209', '郭圣', '信息科学与工程学院', '计算机科学与技术', '计算机科学与技术1502', '3151906101.jpg', '3151906209');
INSERT INTO `user_info` VALUES ('3151906210', '庄伟鑫', '信息科学与工程学院', '计算机科学与技术', '计算机科学与技术1502', '1464940721982.png', '3151906210');
INSERT INTO `user_info` VALUES ('3151906211', '张晓权', '信息科学与工程学院', '软件工程', '软件工程1501', '3151906101.jpg', '3151906211');
INSERT INTO `user_info` VALUES ('3151906212', '胡佳传', '信息科学与工程学院', '软件工程', '软件工程1502', '3151906203.jpg', '123');
INSERT INTO `user_info` VALUES ('3151906213', '陈明恩', '信息科学与工程学院', '软件工程', '软件工程1501', '3151906212.jpg', '3151906213');
INSERT INTO `user_info` VALUES ('3151906214', '甘俊忠', '信息科学与工程学院', '软件工程', '软件工程1501', '3151906101.jpg', '3151906214');
INSERT INTO `user_info` VALUES ('3151906215', '蔡宗宇', '信息科学与工程学院', '软件工程', '软件工程1502', '1464940721982.png', '3151906215');
INSERT INTO `user_info` VALUES ('3151906216', '黄贵龙', '信息科学与工程学院', '软件工程', '软件工程1502', '3151906101.jpg', '3151906216');
INSERT INTO `user_info` VALUES ('3151906217', '蔡其海', '信息科学与工程学院', '软件工程', '软件工程1502', '3151906203.jpg', '3151906217');
INSERT INTO `user_info` VALUES ('3151906218', '汤佳宏', '信息科学与工程学院', '软件工程', '软件工程1502', '3151906212.jpg', '3151906218');
INSERT INTO `user_info` VALUES ('3151906219', '伍惠剑', '信息科学与工程学院', '软件工程', '软件工程1502', '3151906101.jpg', '3151906219');
INSERT INTO `user_info` VALUES ('3151906222', '陆滨', '信息科学与工程学院', '物联网工程', '物联网工程1501', '1464940721982.png', '3151906222');
INSERT INTO `user_info` VALUES ('3151906223', '迟进涛', '信息科学与工程学院', '物联网工程', '物联网工程1502', '1464940721982.png', '3151906223');
INSERT INTO `user_info` VALUES ('3151906224', '张科鑫', '信息科学与工程学院', '物联网工程', '物联网工程1502', '3151906101.jpg', '3151906224');
INSERT INTO `user_info` VALUES ('3151906225', '赵杰', '信息科学与工程学院', '物联网工程', '物联网工程1502', '3151906203.jpg', '3151906225');
INSERT INTO `user_info` VALUES ('3151906226', '温凯', '信息科学与工程学院', '物联网工程', '物联网工程1502', '3151906212.jpg', '3151906226');
INSERT INTO `user_info` VALUES ('3151906227', '刘浩', '信息科学与工程学院', '物联网工程', '物联网工程1502', '3151906101.jpg', '3151906227');
INSERT INTO `user_info` VALUES ('3151906228', '杜言', '信息科学与工程学院', '电气工程及其自动化', '电气工程及其自动化1502', '1464940721982.png', '3151906228');
INSERT INTO `user_info` VALUES ('3151906229', '^马晓晗', '信息科学与工程学院', '电气工程及其自动化', '电气工程及其自动化1501', '3151906212.jpg', '3151906229');
INSERT INTO `user_info` VALUES ('3151906230', '司嘉臻', '信息科学与工程学院', '电气工程及其自动化', '电气工程及其自动化1503', '1464940721982.png', '3151906230');
INSERT INTO `user_info` VALUES ('3151906231', '李富芳', '信息科学与工程学院', '电气工程及其自动化', '电气工程及其自动化1503', '1464940721982.png', '3151906231');
INSERT INTO `user_info` VALUES ('3333333333', '陈都灵', '交通工程与运输学院', '物流工程', '物流工程1501', 'cdl.jpg', '3333333333');
INSERT INTO `user_info` VALUES ('4444444444', 'KKK', '信息科学与工程学院', '软件工程', '软件工程1502', 'cdl.jpg', '4444444444');
